1,http://www.imsdb.com/Movie%20Scripts/10%20Things%20I%20Hate%20About%20You%20Script.html,0
2,http://www.imsdb.com/Movie%20Scripts/12%20Script.html,0
3,http://www.imsdb.com/Movie%20Scripts/12%20and%20Holding%20Script.html,0
4,http://www.imsdb.com/Movie%20Scripts/12%20Monkeys%20Script.html,0
5,http://www.imsdb.com/Movie%20Scripts/127%20Hours%20Script.html,0
6,http://www.imsdb.com/Movie%20Scripts/1492:%20Conquest%20of%20Paradise%20Script.html,0
7,http://www.imsdb.com/Movie%20Scripts/15%20Minutes%20Script.html,0
8,http://www.imsdb.com/Movie%20Scripts/17%20Again%20Script.html,0
9,http://www.imsdb.com/Movie%20Scripts/187%20Script.html,0
10,http://www.imsdb.com/Movie%20Scripts/2001:%20A%20Space%20Odyssey%20Script.html,0
11,http://www.imsdb.com/Movie%20Scripts/2012%20Script.html,0
12,http://www.imsdb.com/Movie%20Scripts/25th%20Hour%20Script.html,0
13,http://www.imsdb.com/Movie%20Scripts/30%20Minutes%20or%20Less%20Script.html,0
14,http://www.imsdb.com/Movie%20Scripts/44%20Inch%20Chest%20Script.html,0
15,http://www.imsdb.com/Movie%20Scripts/48%20Hrs.%20Script.html,0
16,http://www.imsdb.com/Movie%20Scripts/50-50%20Script.html,0
17,http://www.imsdb.com/Movie%20Scripts/500%20Days%20of%20Summer%20Script.html,0
18,http://www.imsdb.com/Movie%20Scripts/8%20Mile%20Script.html,0
19,http://www.imsdb.com/Movie%20Scripts/8MM%20Script.html,0
20,http://www.imsdb.com/Movie%20Scripts/9%20Script.html,0
21,http://www.imsdb.com/Movie%20Scripts/A%20Few%20Good%20Men%20Script.html,0
22,http://www.imsdb.com/Movie%20Scripts/A%20Serious%20Man%20Script.html,0
23,http://www.imsdb.com/Movie%20Scripts/A.I.%20Script.html,0
24,http://www.imsdb.com/Movie%20Scripts/Above%20the%20Law%20Script.html,0
25,http://www.imsdb.com/Movie%20Scripts/Absolute%20Power%20Script.html,0
26,"http://www.imsdb.com/Movie%20Scripts/Abyss,%20The%20Script.html",0
27,http://www.imsdb.com/Movie%20Scripts/Ace%20Ventura:%20Pet%20Detective%20Script.html,0
28,http://www.imsdb.com/Movie%20Scripts/Adaptation%20Script.html,0
29,"http://www.imsdb.com/Movie%20Scripts/Addams%20Family,%20The%20Script.html",0
30,"http://www.imsdb.com/Movie%20Scripts/Adjustment%20Bureau,%20The%20Script.html",0
31,"http://www.imsdb.com/Movie%20Scripts/Adventures%20of%20Buckaroo%20Banzai%20Across%20the%20Eighth%20Dimension,%20The%20Script.html",0
32,http://www.imsdb.com/Movie%20Scripts/Affliction%20Script.html,0
33,http://www.imsdb.com/Movie%20Scripts/After%20School%20Special%20Script.html,0
34,http://www.imsdb.com/Movie%20Scripts/After.Life%20Script.html,0
35,http://www.imsdb.com/Movie%20Scripts/Agnes%20of%20God%20Script.html,0
36,http://www.imsdb.com/Movie%20Scripts/Air%20Force%20One%20Script.html,0
37,http://www.imsdb.com/Movie%20Scripts/Airplane%20Script.html,0
38,http://www.imsdb.com/Movie%20Scripts/Airplane%202:%20The%20Sequel%20Script.html,0
39,http://www.imsdb.com/Movie%20Scripts/Aladdin%20Script.html,0
40,http://www.imsdb.com/Movie%20Scripts/Ali%20Script.html,0
41,http://www.imsdb.com/Movie%20Scripts/Alien%20Script.html,0
42,http://www.imsdb.com/Movie%20Scripts/Alien%203%20Script.html,0
43,http://www.imsdb.com/Movie%20Scripts/Alien%20Nation%20Script.html,0
44,http://www.imsdb.com/Movie%20Scripts/Alien%20vs.%20Predator%20Script.html,0
45,http://www.imsdb.com/Movie%20Scripts/Alien:%20Resurrection%20Script.html,0
46,http://www.imsdb.com/Movie%20Scripts/Aliens%20Script.html,0
47,http://www.imsdb.com/Movie%20Scripts/All%20About%20Eve%20Script.html,0
48,http://www.imsdb.com/Movie%20Scripts/All%20About%20Steve%20Script.html,0
49,http://www.imsdb.com/Movie%20Scripts/All%20the%20King's%20Men%20Script.html,0
50,http://www.imsdb.com/Movie%20Scripts/All%20the%20President's%20Men%20Script.html,0
51,http://www.imsdb.com/Movie%20Scripts/Almost%20Famous%20Script.html,0
52,http://www.imsdb.com/Movie%20Scripts/Alone%20in%20the%20Dark%20Script.html,0
53,http://www.imsdb.com/Movie%20Scripts/Amadeus%20Script.html,0
54,http://www.imsdb.com/Movie%20Scripts/Amelia%20Script.html,0
55,http://www.imsdb.com/Movie%20Scripts/American%20Beauty%20Script.html,0
56,http://www.imsdb.com/Movie%20Scripts/American%20Gangster%20Script.html,0
57,http://www.imsdb.com/Movie%20Scripts/American%20Graffiti%20Script.html,0
58,http://www.imsdb.com/Movie%20Scripts/American%20History%20X%20Script.html,0
59,http://www.imsdb.com/Movie%20Scripts/American%20Madness%20Script.html,0
60,http://www.imsdb.com/Movie%20Scripts/American%20Outlaws%20Script.html,0
61,http://www.imsdb.com/Movie%20Scripts/American%20Pie%20Script.html,0
62,"http://www.imsdb.com/Movie%20Scripts/American%20President,%20The%20Script.html",0
63,http://www.imsdb.com/Movie%20Scripts/American%20Psycho%20Script.html,0
64,http://www.imsdb.com/Movie%20Scripts/American%20Shaolin:%20King%20of%20Kickboxers%20II%20Script.html,0
65,http://www.imsdb.com/Movie%20Scripts/American%20Splendor%20Script.html,0
66,http://www.imsdb.com/Movie%20Scripts/American%20Werewolf%20in%20London%20Script.html,0
67,"http://www.imsdb.com/Movie%20Scripts/American,%20The%20Script.html",0
68,http://www.imsdb.com/Movie%20Scripts/Amour%20Script.html,0
69,http://www.imsdb.com/Movie%20Scripts/An%20Education%20Script.html,0
70,http://www.imsdb.com/Movie%20Scripts/Analyze%20That%20Script.html,0
71,http://www.imsdb.com/Movie%20Scripts/Analyze%20This%20Script.html,0
72,http://www.imsdb.com/Movie%20Scripts/Anastasia%20Script.html,0
73,http://www.imsdb.com/Movie%20Scripts/Angel%20Eyes%20Script.html,0
74,http://www.imsdb.com/Movie%20Scripts/Angels%20&%20Demons%20Script.html,0
75,http://www.imsdb.com/Movie%20Scripts/Anna%20Karenina%20Script.html,0
76,http://www.imsdb.com/Movie%20Scripts/Annie%20Hall%20Script.html,0
77,"http://www.imsdb.com/Movie%20Scripts/Anniversary%20Party,%20The%20Script.html",0
78,http://www.imsdb.com/Movie%20Scripts/Anonymous%20Script.html,0
79,http://www.imsdb.com/Movie%20Scripts/Antitrust%20Script.html,0
80,http://www.imsdb.com/Movie%20Scripts/Antz%20Script.html,0
81,"http://www.imsdb.com/Movie%20Scripts/Apartment,%20The%20Script.html",0
82,http://www.imsdb.com/Movie%20Scripts/Apocalypse%20Now%20Script.html,0
83,http://www.imsdb.com/Movie%20Scripts/Apollo%2013%20Script.html,0
84,http://www.imsdb.com/Movie%20Scripts/April%20Fool's%20Day%20Script.html,0
85,http://www.imsdb.com/Movie%20Scripts/Apt%20Pupil%20Script.html,0
86,http://www.imsdb.com/Movie%20Scripts/Arbitrage%20Script.html,0
87,http://www.imsdb.com/Movie%20Scripts/Arcade%20Script.html,0
88,http://www.imsdb.com/Movie%20Scripts/Arctic%20Blue%20Script.html,0
89,http://www.imsdb.com/Movie%20Scripts/Argo%20Script.html,0
90,http://www.imsdb.com/Movie%20Scripts/Armageddon%20Script.html,0
91,http://www.imsdb.com/Movie%20Scripts/Army%20of%20Darkness%20Script.html,0
92,http://www.imsdb.com/Movie%20Scripts/Arsenic%20and%20Old%20Lace%20Script.html,0
93,http://www.imsdb.com/Movie%20Scripts/Arthur%20Script.html,0
94,"http://www.imsdb.com/Movie%20Scripts/Artist,%20The%20Script.html",0
95,http://www.imsdb.com/Movie%20Scripts/As%20Good%20As%20It%20Gets%20Script.html,0
96,http://www.imsdb.com/Movie%20Scripts/Assassins%20Script.html,0
97,"http://www.imsdb.com/Movie%20Scripts/Assignment,%20The%20Script.html",0
98,http://www.imsdb.com/Movie%20Scripts/At%20First%20Sight%20Script.html,0
99,http://www.imsdb.com/Movie%20Scripts/Austin%20Powers%20-%20International%20Man%20of%20Mystery%20Script.html,0
100,http://www.imsdb.com/Movie%20Scripts/Austin%20Powers%20-%20The%20Spy%20Who%20Shagged%20Me%20Script.html,0
101,http://www.imsdb.com/Movie%20Scripts/Autumn%20in%20New%20York%20Script.html,0
102,http://www.imsdb.com/Movie%20Scripts/Avatar%20Script.html,0
103,"http://www.imsdb.com/Movie%20Scripts/Avengers,%20The%20Script.html",0
104,"http://www.imsdb.com/Movie%20Scripts/Avventura,%20L'%20(The%20Adventure)%20Script.html",0
105,http://www.imsdb.com/Movie%20Scripts/Awakenings%20Script.html,0
106,http://www.imsdb.com/Movie%20Scripts/Babel%20Script.html,0
107,http://www.imsdb.com/Movie%20Scripts/Bachelor%20Party%20Script.html,0
108,"http://www.imsdb.com/Movie%20Scripts/Bachelor%20Party,%20The%20Script.html",0
109,http://www.imsdb.com/Movie%20Scripts/Back%20to%20the%20Future%20Script.html,0
110,http://www.imsdb.com/Movie%20Scripts/Back%20to%20the%20Future%20II%20&%20III%20Script.html,0
111,"http://www.imsdb.com/Movie%20Scripts/Back-up%20Plan,%20The%20Script.html",0
112,http://www.imsdb.com/Movie%20Scripts/Backdraft%20Script.html,0
113,http://www.imsdb.com/Movie%20Scripts/Bad%20Boys%20Script.html,0
114,http://www.imsdb.com/Movie%20Scripts/Bad%20Day%20at%20Black%20Rock%20Script.html,0
115,http://www.imsdb.com/Movie%20Scripts/Bad%20Dreams%20Script.html,0
116,http://www.imsdb.com/Movie%20Scripts/Bad%20Lieutenant%20Script.html,0
117,http://www.imsdb.com/Movie%20Scripts/Bad%20Santa%20Script.html,0
118,http://www.imsdb.com/Movie%20Scripts/Bad%20Teacher%20Script.html,0
119,http://www.imsdb.com/Movie%20Scripts/Badlands%20Script.html,0
120,http://www.imsdb.com/Movie%20Scripts/Bamboozled%20Script.html,0
121,http://www.imsdb.com/Movie%20Scripts/Barry%20Lyndon%20Script.html,0
122,http://www.imsdb.com/Movie%20Scripts/Barton%20Fink%20Script.html,0
123,http://www.imsdb.com/Movie%20Scripts/Basic%20Script.html,0
124,http://www.imsdb.com/Movie%20Scripts/Basic%20Instinct%20Script.html,0
125,http://www.imsdb.com/Movie%20Scripts/Basquiat%20Script.html,0
126,http://www.imsdb.com/Movie%20Scripts/Batman%20Script.html,0
127,http://www.imsdb.com/Movie%20Scripts/Batman%202%20Script.html,0
128,http://www.imsdb.com/Movie%20Scripts/Batman%20and%20Robin%20Script.html,0
129,http://www.imsdb.com/Movie%20Scripts/Batman%20Begins%20Script.html,0
130,http://www.imsdb.com/Movie%20Scripts/Batman%20Forever%20Script.html,0
131,http://www.imsdb.com/Movie%20Scripts/Batman%20Returns%20Script.html,0
132,"http://www.imsdb.com/Movie%20Scripts/Battle%20of%20Algiers,%20The%20Script.html",0
133,"http://www.imsdb.com/Movie%20Scripts/Battle%20of%20Shaker%20Heights,%20The%20Script.html",0
134,http://www.imsdb.com/Movie%20Scripts/Battle:%20Los%20Angeles%20Script.html,0
135,"http://www.imsdb.com/Movie%20Scripts/Beach,%20The%20Script.html",0
136,http://www.imsdb.com/Movie%20Scripts/Bean%20Script.html,0
137,http://www.imsdb.com/Movie%20Scripts/Beasts%20of%20the%20Southern%20Wild%20Script.html,0
138,http://www.imsdb.com/Movie%20Scripts/Beavis%20and%20Butt-head%20Do%20America%20Script.html,0
139,http://www.imsdb.com/Movie%20Scripts/Beginners%20Script.html,0
140,http://www.imsdb.com/Movie%20Scripts/Being%20Human%20Script.html,0
141,http://www.imsdb.com/Movie%20Scripts/Being%20John%20Malkovich%20Script.html,0
142,http://www.imsdb.com/Movie%20Scripts/Being%20There%20Script.html,0
143,"http://www.imsdb.com/Movie%20Scripts/Believer,%20The%20Script.html",0
144,http://www.imsdb.com/Movie%20Scripts/Beloved%20Script.html,0
145,http://www.imsdb.com/Movie%20Scripts/Benny%20&%20Joon%20Script.html,0
146,"http://www.imsdb.com/Movie%20Scripts/Best%20Exotic%20Marigold%20Hotel,%20The%20Script.html",0
147,http://www.imsdb.com/Movie%20Scripts/Big%20Script.html,0
148,"http://www.imsdb.com/Movie%20Scripts/Big%20Blue,%20The%20Script.html",0
149,http://www.imsdb.com/Movie%20Scripts/Big%20Fish%20Script.html,0
150,"http://www.imsdb.com/Movie%20Scripts/Big%20Lebowski,%20The%20Script.html",0
151,"http://www.imsdb.com/Movie%20Scripts/Big%20White,%20The%20Script.html",0
152,"http://www.imsdb.com/Movie%20Scripts/Birds,%20The%20Script.html",0
153,http://www.imsdb.com/Movie%20Scripts/Birthday%20Girl%20Script.html,0
154,"http://www.imsdb.com/Movie%20Scripts/Black%20Dahlia,%20The%20Script.html",0
155,http://www.imsdb.com/Movie%20Scripts/Black%20Rain%20Script.html,0
156,http://www.imsdb.com/Movie%20Scripts/Black%20Snake%20Moan%20Script.html,0
157,http://www.imsdb.com/Movie%20Scripts/Black%20Swan%20Script.html,0
158,http://www.imsdb.com/Movie%20Scripts/Blade%20Script.html,0
159,http://www.imsdb.com/Movie%20Scripts/Blade%20II%20Script.html,0
160,http://www.imsdb.com/Movie%20Scripts/Blade%20Runner%20Script.html,0
161,http://www.imsdb.com/Movie%20Scripts/Blade:%20Trinity%20Script.html,0
162,"http://www.imsdb.com/Movie%20Scripts/Blast%20from%20the%20Past,%20The%20Script.html",0
163,"http://www.imsdb.com/Movie%20Scripts/Blind%20Side,%20The%20Script.html",0
164,http://www.imsdb.com/Movie%20Scripts/Blood%20and%20Wine%20Script.html,0
165,http://www.imsdb.com/Movie%20Scripts/Blood%20Simple%20Script.html,0
166,http://www.imsdb.com/Movie%20Scripts/Blow%20Script.html,0
167,http://www.imsdb.com/Movie%20Scripts/Blue%20Valentine%20Script.html,0
168,http://www.imsdb.com/Movie%20Scripts/Blue%20Velvet%20Script.html,0
169,"http://www.imsdb.com/Movie%20Scripts/Blues%20Brothers,%20The%20Script.html",0
170,"http://www.imsdb.com/Movie%20Scripts/Bodies,%20Rest%20&%20Motion%20Script.html",0
171,http://www.imsdb.com/Movie%20Scripts/Body%20Heat%20Script.html,0
172,http://www.imsdb.com/Movie%20Scripts/Body%20of%20Evidence%20Script.html,0
173,http://www.imsdb.com/Movie%20Scripts/Bodyguard%20Script.html,0
174,http://www.imsdb.com/Movie%20Scripts/Bones%20Script.html,0
175,http://www.imsdb.com/Movie%20Scripts/Bonfire%20of%20the%20Vanities%20Script.html,0
176,http://www.imsdb.com/Movie%20Scripts/Bonnie%20and%20Clyde%20Script.html,0
177,http://www.imsdb.com/Movie%20Scripts/Boogie%20Nights%20Script.html,0
178,"http://www.imsdb.com/Movie%20Scripts/Book%20of%20Eli,%20The%20Script.html",0
179,http://www.imsdb.com/Movie%20Scripts/Boondock%20Saints%202:%20All%20Saints%20Day%20Script.html,0
180,"http://www.imsdb.com/Movie%20Scripts/Boondock%20Saints,%20The%20Script.html",0
181,http://www.imsdb.com/Movie%20Scripts/Bottle%20Rocket%20Script.html,0
182,http://www.imsdb.com/Movie%20Scripts/Bound%20Script.html,0
183,"http://www.imsdb.com/Movie%20Scripts/Bounty%20Hunter,%20The%20Script.html",0
184,"http://www.imsdb.com/Movie%20Scripts/Bourne%20Identity,%20The%20Script.html",0
185,"http://www.imsdb.com/Movie%20Scripts/Bourne%20Supremacy,%20The%20Script.html",0
186,"http://www.imsdb.com/Movie%20Scripts/Bourne%20Ultimatum,%20The%20Script.html",0
187,"http://www.imsdb.com/Movie%20Scripts/Box,%20The%20Script.html",0
188,http://www.imsdb.com/Movie%20Scripts/Braveheart%20Script.html,0
189,http://www.imsdb.com/Movie%20Scripts/Brazil%20Script.html,0
190,http://www.imsdb.com/Movie%20Scripts/Break%20Script.html,0
191,http://www.imsdb.com/Movie%20Scripts/Breakdown%20Script.html,0
192,"http://www.imsdb.com/Movie%20Scripts/Breakfast%20Club,%20The%20Script.html",0
193,http://www.imsdb.com/Movie%20Scripts/Brick%20Script.html,0
194,http://www.imsdb.com/Movie%20Scripts/Bridesmaids%20Script.html,0
195,http://www.imsdb.com/Movie%20Scripts/Bringing%20Out%20the%20Dead%20Script.html,0
196,http://www.imsdb.com/Movie%20Scripts/Broadcast%20News%20Script.html,0
197,http://www.imsdb.com/Movie%20Scripts/Broken%20Arrow%20Script.html,0
198,http://www.imsdb.com/Movie%20Scripts/Broken%20Embraces%20Script.html,0
199,"http://www.imsdb.com/Movie%20Scripts/Brothers%20Bloom,%20The%20Script.html",0
200,http://www.imsdb.com/Movie%20Scripts/Bruce%20Almighty%20Script.html,0
201,http://www.imsdb.com/Movie%20Scripts/Buffy%20the%20Vampire%20Slayer%20Script.html,0
202,http://www.imsdb.com/Movie%20Scripts/Bull%20Durham%20Script.html,0
203,http://www.imsdb.com/Movie%20Scripts/Buried%20Script.html,0
204,http://www.imsdb.com/Movie%20Scripts/Burlesque%20Script.html,0
205,http://www.imsdb.com/Movie%20Scripts/Burn%20After%20Reading%20Script.html,0
206,http://www.imsdb.com/Movie%20Scripts/Burning%20Annie%20Script.html,0
207,"http://www.imsdb.com/Movie%20Scripts/Butterfly%20Effect,%20The%20Script.html",0
208,http://www.imsdb.com/Movie%20Scripts/Cable%20Guy%20Script.html,0
209,http://www.imsdb.com/Movie%20Scripts/Candle%20to%20Water%20Script.html,0
210,http://www.imsdb.com/Movie%20Scripts/Capote%20Script.html,0
211,http://www.imsdb.com/Movie%20Scripts/Carrie%20Script.html,0
212,http://www.imsdb.com/Movie%20Scripts/Cars%202%20Script.html,0
213,http://www.imsdb.com/Movie%20Scripts/Casablanca%20Script.html,0
214,http://www.imsdb.com/Movie%20Scripts/Case%2039%20Script.html,0
215,http://www.imsdb.com/Movie%20Scripts/Casino%20Script.html,0
216,http://www.imsdb.com/Movie%20Scripts/Cast%20Away%20Script.html,0
217,http://www.imsdb.com/Movie%20Scripts/Catch%20Me%20If%20You%20Can%20Script.html,0
218,http://www.imsdb.com/Movie%20Scripts/Catwoman%20Script.html,0
219,http://www.imsdb.com/Movie%20Scripts/Cecil%20B.%20Demented%20Script.html,0
220,http://www.imsdb.com/Movie%20Scripts/Cedar%20Rapids%20Script.html,0
221,http://www.imsdb.com/Movie%20Scripts/Celeste%20&%20Jesse%20Forever%20Script.html,0
222,"http://www.imsdb.com/Movie%20Scripts/Cell,%20The%20Script.html",0
223,http://www.imsdb.com/Movie%20Scripts/Cellular%20Script.html,0
224,"http://www.imsdb.com/Movie%20Scripts/Change-Up,%20The%20Script.html",0
225,http://www.imsdb.com/Movie%20Scripts/Changeling%20Script.html,0
226,http://www.imsdb.com/Movie%20Scripts/Chaos%20Script.html,0
227,http://www.imsdb.com/Movie%20Scripts/Charade%20Script.html,0
228,http://www.imsdb.com/Movie%20Scripts/Charlie's%20Angels%20Script.html,0
229,http://www.imsdb.com/Movie%20Scripts/Chasing%20Amy%20Script.html,0
230,http://www.imsdb.com/Movie%20Scripts/Chasing%20Sleep%20Script.html,0
231,http://www.imsdb.com/Movie%20Scripts/Cherry%20Falls%20Script.html,0
232,http://www.imsdb.com/Movie%20Scripts/Chinatown%20Script.html,0
233,http://www.imsdb.com/Movie%20Scripts/Chronicle%20Script.html,0
234,"http://www.imsdb.com/Movie%20Scripts/Chronicles%20of%20Narnia:%20The%20Lion,%20the%20Witch%20and%20the%20Wardrobe%20Script.html",0
235,"http://www.imsdb.com/Movie%20Scripts/Cider%20House%20Rules,%20The%20Script.html",0
236,"http://www.imsdb.com/Movie%20Scripts/Cincinnati%20Kid,%20The%20Script.html",0
237,http://www.imsdb.com/Movie%20Scripts/Cinema%20Paradiso%20Script.html,0
238,http://www.imsdb.com/Movie%20Scripts/Cirque%20du%20Freak:%20The%20Vampire's%20Assistant%20Script.html,0
239,http://www.imsdb.com/Movie%20Scripts/Citizen%20Kane%20Script.html,0
240,http://www.imsdb.com/Movie%20Scripts/City%20of%20Joy%20Script.html,0
241,http://www.imsdb.com/Movie%20Scripts/Clash%20of%20the%20Titans%20Script.html,0
242,http://www.imsdb.com/Movie%20Scripts/Clerks%20Script.html,0
243,http://www.imsdb.com/Movie%20Scripts/Cliffhanger%20Script.html,0
244,"http://www.imsdb.com/Movie%20Scripts/Clockwork%20Orange,%20A%20Script.html",0
245,http://www.imsdb.com/Movie%20Scripts/Clueless%20Script.html,0
246,http://www.imsdb.com/Movie%20Scripts/Cobb%20Script.html,0
247,http://www.imsdb.com/Movie%20Scripts/Code%20of%20Silence%20Script.html,0
248,http://www.imsdb.com/Movie%20Scripts/Cold%20Mountain%20Script.html,0
249,http://www.imsdb.com/Movie%20Scripts/Collateral%20Script.html,0
250,http://www.imsdb.com/Movie%20Scripts/Collateral%20Damage%20Script.html,0
251,http://www.imsdb.com/Movie%20Scripts/Colombiana%20Script.html,0
252,http://www.imsdb.com/Movie%20Scripts/Color%20of%20Night%20Script.html,0
253,http://www.imsdb.com/Movie%20Scripts/Commando%20Script.html,0
254,http://www.imsdb.com/Movie%20Scripts/Conan%20the%20Barbarian%20Script.html,0
255,http://www.imsdb.com/Movie%20Scripts/Confessions%20of%20a%20Dangerous%20Mind%20Script.html,0
256,http://www.imsdb.com/Movie%20Scripts/Confidence%20Script.html,0
257,http://www.imsdb.com/Movie%20Scripts/Constantine%20Script.html,0
258,http://www.imsdb.com/Movie%20Scripts/Contact%20Script.html,0
259,"http://www.imsdb.com/Movie%20Scripts/Cooler,%20The%20Script.html",0
260,http://www.imsdb.com/Movie%20Scripts/Copycat%20Script.html,0
261,http://www.imsdb.com/Movie%20Scripts/Coraline%20Script.html,0
262,http://www.imsdb.com/Movie%20Scripts/Coriolanus%20Script.html,0
263,http://www.imsdb.com/Movie%20Scripts/Courage%20Under%20Fire%20Script.html,0
264,http://www.imsdb.com/Movie%20Scripts/Cowboys%20&%20Aliens%20Script.html,0
265,http://www.imsdb.com/Movie%20Scripts/Cradle%202%20the%20Grave%20Script.html,0
266,http://www.imsdb.com/Movie%20Scripts/Crank%20Script.html,0
267,http://www.imsdb.com/Movie%20Scripts/Crash%20Script.html,0
268,"http://www.imsdb.com/Movie%20Scripts/Crazy,%20Stupid,%20Love%20Script.html",0
269,http://www.imsdb.com/Movie%20Scripts/Crazylove%20Script.html,0
270,http://www.imsdb.com/Movie%20Scripts/Creation%20Script.html,0
271,http://www.imsdb.com/Movie%20Scripts/Crime%20Spree%20Script.html,0
272,"http://www.imsdb.com/Movie%20Scripts/Crouching%20Tiger,%20Hidden%20Dragon%20Script.html",0
273,http://www.imsdb.com/Movie%20Scripts/Croupier%20Script.html,0
274,"http://www.imsdb.com/Movie%20Scripts/Crow%20Salvation,%20The%20Script.html",0
275,"http://www.imsdb.com/Movie%20Scripts/Crow,%20The%20Script.html",0
276,"http://www.imsdb.com/Movie%20Scripts/Crow:%20City%20of%20Angels,%20The%20Script.html",0
277,http://www.imsdb.com/Movie%20Scripts/Cruel%20Intentions%20Script.html,0
278,http://www.imsdb.com/Movie%20Scripts/Crying%20Game%20Script.html,0
279,http://www.imsdb.com/Movie%20Scripts/Cube%20Script.html,0
280,"http://www.imsdb.com/Movie%20Scripts/Curious%20Case%20of%20Benjamin%20Button,%20The%20Script.html",0
281,http://www.imsdb.com/Movie%20Scripts/Custody%20Script.html,0
282,"http://www.imsdb.com/Movie%20Scripts/Damned%20United,%20The%20Script.html",0
283,http://www.imsdb.com/Movie%20Scripts/Dances%20with%20Wolves%20Script.html,0
284,http://www.imsdb.com/Movie%20Scripts/Dark%20City%20Script.html,0
285,"http://www.imsdb.com/Movie%20Scripts/Dark%20Knight%20Rises,%20The%20Script.html",0
286,"http://www.imsdb.com/Movie%20Scripts/Dark%20Knight,%20The%20Script.html",0
287,http://www.imsdb.com/Movie%20Scripts/Dark%20Star%20Script.html,0
288,http://www.imsdb.com/Movie%20Scripts/Darkman%20Script.html,0
289,http://www.imsdb.com/Movie%20Scripts/Date%20Night%20Script.html,0
290,http://www.imsdb.com/Movie%20Scripts/Dave%20Barry's%20Complete%20Guide%20to%20Guys%20Script.html,0
291,http://www.imsdb.com/Movie%20Scripts/Dawn%20of%20the%20Dead%20Script.html,0
292,http://www.imsdb.com/Movie%20Scripts/Day%20of%20the%20Dead%20Script.html,0
293,"http://www.imsdb.com/Movie%20Scripts/Day%20the%20Clown%20Cried,%20The%20Script.html",0
294,"http://www.imsdb.com/Movie%20Scripts/Day%20the%20Earth%20Stood%20Still,%20The%20Script.html",0
295,http://www.imsdb.com/Movie%20Scripts/Days%20of%20Heaven%20Script.html,0
296,http://www.imsdb.com/Movie%20Scripts/Dead%20Poets%20Society%20Script.html,0
297,http://www.imsdb.com/Movie%20Scripts/Death%20at%20a%20Funeral%20Script.html,0
298,http://www.imsdb.com/Movie%20Scripts/Death%20to%20Smoochy%20Script.html,0
299,"http://www.imsdb.com/Movie%20Scripts/Debt,%20The%20Script.html",0
300,http://www.imsdb.com/Movie%20Scripts/Deception%20Script.html,0
301,http://www.imsdb.com/Movie%20Scripts/Deep%20Cover%20Script.html,0
302,http://www.imsdb.com/Movie%20Scripts/Deep%20Rising%20Script.html,0
303,"http://www.imsdb.com/Movie%20Scripts/Deer%20Hunter,%20The%20Script.html",0
304,http://www.imsdb.com/Movie%20Scripts/Defiance%20Script.html,0
305,"http://www.imsdb.com/Movie%20Scripts/Departed,%20The%20Script.html",0
306,"http://www.imsdb.com/Movie%20Scripts/Descendants,%20The%20Script.html",0
307,http://www.imsdb.com/Movie%20Scripts/Despicable%20Me%202%20Script.html,0
308,http://www.imsdb.com/Movie%20Scripts/Detroit%20Rock%20City%20Script.html,0
309,http://www.imsdb.com/Movie%20Scripts/Devil%20in%20a%20Blue%20Dress%20Script.html,0
310,http://www.imsdb.com/Movie%20Scripts/Devil's%20Advocate%20Script.html,0
311,http://www.imsdb.com/Movie%20Scripts/Die%20Hard%20Script.html,0
312,http://www.imsdb.com/Movie%20Scripts/Die%20Hard%202%20Script.html,0
313,http://www.imsdb.com/Movie%20Scripts/Diner%20Script.html,0
314,"http://www.imsdb.com/Movie%20Scripts/Distinguished%20Gentleman,%20The%20Script.html",0
315,http://www.imsdb.com/Movie%20Scripts/Disturbia%20Script.html,0
316,http://www.imsdb.com/Movie%20Scripts/Django%20Unchained%20Script.html,0
317,http://www.imsdb.com/Movie%20Scripts/Do%20The%20Right%20Thing%20Script.html,0
318,http://www.imsdb.com/Movie%20Scripts/Dog%20Day%20Afternoon%20Script.html,0
319,http://www.imsdb.com/Movie%20Scripts/Dogma%20Script.html,0
320,http://www.imsdb.com/Movie%20Scripts/Donnie%20Brasco%20Script.html,0
321,http://www.imsdb.com/Movie%20Scripts/Donnie%20Darko%20Script.html,0
322,"http://www.imsdb.com/Movie%20Scripts/Doors,%20The%20Script.html",0
323,http://www.imsdb.com/Movie%20Scripts/Double%20Indemnity%20Script.html,0
324,http://www.imsdb.com/Movie%20Scripts/Drag%20Me%20to%20Hell%20Script.html,0
325,http://www.imsdb.com/Movie%20Scripts/Dragonslayer%20Script.html,0
326,http://www.imsdb.com/Movie%20Scripts/Drive%20Script.html,0
327,http://www.imsdb.com/Movie%20Scripts/Drive%20Angry%20Script.html,0
328,http://www.imsdb.com/Movie%20Scripts/Drop%20Dead%20Gorgeous%20Script.html,0
329,"http://www.imsdb.com/Movie%20Scripts/Dry%20White%20Season,%20A%20Script.html",0
330,http://www.imsdb.com/Movie%20Scripts/Duck%20Soup%20Script.html,0
331,http://www.imsdb.com/Movie%20Scripts/Dumb%20and%20Dumber%20Script.html,0
332,http://www.imsdb.com/Movie%20Scripts/Dune%20Script.html,0
333,http://www.imsdb.com/Movie%20Scripts/E.T.%20Script.html,0
334,http://www.imsdb.com/Movie%20Scripts/Eagle%20Eye%20Script.html,0
335,http://www.imsdb.com/Movie%20Scripts/Eastern%20Promises%20Script.html,0
336,http://www.imsdb.com/Movie%20Scripts/Easy%20A%20Script.html,0
337,http://www.imsdb.com/Movie%20Scripts/Ed%20TV%20Script.html,0
338,http://www.imsdb.com/Movie%20Scripts/Ed%20Wood%20Script.html,0
339,http://www.imsdb.com/Movie%20Scripts/Edward%20Scissorhands%20Script.html,0
340,http://www.imsdb.com/Movie%20Scripts/Eight%20Legged%20Freaks%20Script.html,0
341,http://www.imsdb.com/Movie%20Scripts/El%20Mariachi%20Script.html,0
342,http://www.imsdb.com/Movie%20Scripts/Election%20Script.html,0
343,"http://www.imsdb.com/Movie%20Scripts/Elephant%20Man,%20The%20Script.html",0
344,http://www.imsdb.com/Movie%20Scripts/Elizabeth:%20The%20Golden%20Age%20Script.html,0
345,http://www.imsdb.com/Movie%20Scripts/Enemy%20of%20the%20State%20Script.html,0
346,"http://www.imsdb.com/Movie%20Scripts/English%20Patient,%20The%20Script.html",0
347,http://www.imsdb.com/Movie%20Scripts/Enough%20Script.html,0
348,http://www.imsdb.com/Movie%20Scripts/Entrapment%20Script.html,0
349,http://www.imsdb.com/Movie%20Scripts/Equilibrium%20Script.html,0
350,http://www.imsdb.com/Movie%20Scripts/Erik%20the%20Viking%20Script.html,0
351,http://www.imsdb.com/Movie%20Scripts/Erin%20Brockovich%20Script.html,0
352,http://www.imsdb.com/Movie%20Scripts/Escape%20From%20L.A.%20Script.html,0
353,http://www.imsdb.com/Movie%20Scripts/Escape%20From%20New%20York%20Script.html,0
354,http://www.imsdb.com/Movie%20Scripts/Eternal%20Sunshine%20of%20the%20Spotless%20Mind%20Script.html,0
355,http://www.imsdb.com/Movie%20Scripts/Even%20Cowgirls%20Get%20the%20Blues%20Script.html,0
356,http://www.imsdb.com/Movie%20Scripts/Event%20Horizon%20Script.html,0
357,http://www.imsdb.com/Movie%20Scripts/Evil%20Dead%20Script.html,0
358,http://www.imsdb.com/Movie%20Scripts/Evil%20Dead%20II:%20Dead%20by%20Dawn%20Script.html,0
359,http://www.imsdb.com/Movie%20Scripts/Excalibur%20Script.html,0
360,http://www.imsdb.com/Movie%20Scripts/Executive%20Decision%20Script.html,0
361,http://www.imsdb.com/Movie%20Scripts/eXistenZ%20Script.html,0
362,http://www.imsdb.com/Movie%20Scripts/Extract%20Script.html,0
363,http://www.imsdb.com/Movie%20Scripts/Eyes%20Wide%20Shut%20Script.html,0
364,"http://www.imsdb.com/Movie%20Scripts/Fabulous%20Baker%20Boys,%20The%20Script.html",0
365,http://www.imsdb.com/Movie%20Scripts/Face%20Off%20Script.html,0
366,http://www.imsdb.com/Movie%20Scripts/Fair%20Game%20Script.html,0
367,"http://www.imsdb.com/Movie%20Scripts/Family%20Man,%20The%20Script.html",0
368,http://www.imsdb.com/Movie%20Scripts/Fantastic%20Four%20Script.html,0
369,http://www.imsdb.com/Movie%20Scripts/Fantastic%20Mr%20Fox%20Script.html,0
370,http://www.imsdb.com/Movie%20Scripts/Fargo%20Script.html,0
371,http://www.imsdb.com/Movie%20Scripts/Fast%20Times%20at%20Ridgemont%20High%20Script.html,0
372,http://www.imsdb.com/Movie%20Scripts/Fatal%20Instinct%20Script.html,0
373,http://www.imsdb.com/Movie%20Scripts/Fear%20and%20Loathing%20in%20Las%20Vegas%20Script.html,0
374,http://www.imsdb.com/Movie%20Scripts/Feast%20Script.html,0
375,http://www.imsdb.com/Movie%20Scripts/Ferris%20Bueller's%20Day%20Off%20Script.html,0
376,http://www.imsdb.com/Movie%20Scripts/Field%20of%20Dreams%20Script.html,0
377,"http://www.imsdb.com/Movie%20Scripts/Fifth%20Element,%20The%20Script.html",0
378,http://www.imsdb.com/Movie%20Scripts/Fight%20Club%20Script.html,0
379,"http://www.imsdb.com/Movie%20Scripts/Fighter,%20The%20Script.html",0
380,http://www.imsdb.com/Movie%20Scripts/Final%20Destination%20Script.html,0
381,http://www.imsdb.com/Movie%20Scripts/Final%20Destination%202%20Script.html,0
382,http://www.imsdb.com/Movie%20Scripts/Finding%20Nemo%20Script.html,0
383,http://www.imsdb.com/Movie%20Scripts/Five%20Easy%20Pieces%20Script.html,0
384,http://www.imsdb.com/Movie%20Scripts/Flash%20Gordon%20Script.html,0
385,http://www.imsdb.com/Movie%20Scripts/Fletch%20Script.html,0
386,http://www.imsdb.com/Movie%20Scripts/Flight%20Script.html,0
387,"http://www.imsdb.com/Movie%20Scripts/Flintstones,%20The%20Script.html",0
388,http://www.imsdb.com/Movie%20Scripts/Forrest%20Gump%20Script.html,0
389,http://www.imsdb.com/Movie%20Scripts/Four%20Feathers%20Script.html,0
390,http://www.imsdb.com/Movie%20Scripts/Four%20Rooms%20Script.html,0
391,http://www.imsdb.com/Movie%20Scripts/Fracture%20Script.html,0
392,http://www.imsdb.com/Movie%20Scripts/Frances%20Script.html,0
393,http://www.imsdb.com/Movie%20Scripts/Frankenstein%20Script.html,0
394,http://www.imsdb.com/Movie%20Scripts/Freaked%20Script.html,0
395,http://www.imsdb.com/Movie%20Scripts/Freddy%20vs.%20Jason%20Script.html,0
396,"http://www.imsdb.com/Movie%20Scripts/French%20Connection,%20The%20Script.html",0
397,http://www.imsdb.com/Movie%20Scripts/Frequency%20Script.html,0
398,http://www.imsdb.com/Movie%20Scripts/Friday%20the%2013th%20Script.html,0
399,http://www.imsdb.com/Movie%20Scripts/Friday%20the%2013th%20Part%20VIII:%20Jason%20Takes%20Manhattan%20Script.html,0
400,http://www.imsdb.com/Movie%20Scripts/Fright%20Night%20Script.html,0
401,http://www.imsdb.com/Movie%20Scripts/Fright%20Night%20(1985)%20Script.html,0
402,http://www.imsdb.com/Movie%20Scripts/From%20Dusk%20Till%20Dawn%20Script.html,0
403,http://www.imsdb.com/Movie%20Scripts/From%20Here%20to%20Eternity%20Script.html,0
404,http://www.imsdb.com/Movie%20Scripts/Frozen%20Script.html,0
405,http://www.imsdb.com/Movie%20Scripts/Frozen%20River%20Script.html,0
406,"http://www.imsdb.com/Movie%20Scripts/Fugitive,%20The%20Script.html",0
407,http://www.imsdb.com/Movie%20Scripts/Full%20Metal%20Jacket%20Script.html,0
408,http://www.imsdb.com/Movie%20Scripts/Funny%20People%20Script.html,0
409,http://www.imsdb.com/Movie%20Scripts/G.I.%20Jane%20Script.html,0
410,http://www.imsdb.com/Movie%20Scripts/G.I.%20Joe:%20The%20Rise%20of%20Cobra%20Script.html,0
411,http://www.imsdb.com/Movie%20Scripts/Game%206%20Script.html,0
412,"http://www.imsdb.com/Movie%20Scripts/Game,%20The%20Script.html",0
413,http://www.imsdb.com/Movie%20Scripts/Gamer%20Script.html,0
414,http://www.imsdb.com/Movie%20Scripts/Gandhi%20Script.html,0
415,http://www.imsdb.com/Movie%20Scripts/Gang%20Related%20Script.html,0
416,http://www.imsdb.com/Movie%20Scripts/Gangs%20of%20New%20York%20Script.html,0
417,http://www.imsdb.com/Movie%20Scripts/Gattaca%20Script.html,0
418,http://www.imsdb.com/Movie%20Scripts/Get%20Carter%20Script.html,0
419,http://www.imsdb.com/Movie%20Scripts/Get%20Low%20Script.html,0
420,http://www.imsdb.com/Movie%20Scripts/Get%20Shorty%20Script.html,0
421,"http://www.imsdb.com/Movie%20Scripts/Getaway,%20The%20Script.html",0
422,http://www.imsdb.com/Movie%20Scripts/Ghost%20Script.html,0
423,"http://www.imsdb.com/Movie%20Scripts/Ghost%20and%20the%20Darkness,%20The%20Script.html",0
424,http://www.imsdb.com/Movie%20Scripts/Ghost%20Rider%20Script.html,0
425,http://www.imsdb.com/Movie%20Scripts/Ghost%20Ship%20Script.html,0
426,http://www.imsdb.com/Movie%20Scripts/Ghost%20World%20Script.html,0
427,http://www.imsdb.com/Movie%20Scripts/Ghostbusters%20Script.html,0
428,http://www.imsdb.com/Movie%20Scripts/Ghostbusters%202%20Script.html,0
429,http://www.imsdb.com/Movie%20Scripts/Ginger%20Snaps%20Script.html,0
430,"http://www.imsdb.com/Movie%20Scripts/Girl%20with%20the%20Dragon%20Tattoo,%20The%20Script.html",0
431,http://www.imsdb.com/Movie%20Scripts/Gladiator%20Script.html,0
432,http://www.imsdb.com/Movie%20Scripts/Glengarry%20Glen%20Gross%20Script.html,0
433,http://www.imsdb.com/Movie%20Scripts/Go%20Script.html,0
434,http://www.imsdb.com/Movie%20Scripts/Godfather%20Script.html,0
435,http://www.imsdb.com/Movie%20Scripts/Godfather%20Part%20II%20Script.html,0
436,"http://www.imsdb.com/Movie%20Scripts/Godfather%20Part%20III,%20The%20Script.html",0
437,http://www.imsdb.com/Movie%20Scripts/Gods%20and%20Monsters%20Script.html,0
438,http://www.imsdb.com/Movie%20Scripts/Godzilla%20Script.html,0
439,http://www.imsdb.com/Movie%20Scripts/Gone%20in%2060%20Seconds%20Script.html,0
440,"http://www.imsdb.com/Movie%20Scripts/Good%20Girl,%20The%20Script.html",0
441,http://www.imsdb.com/Movie%20Scripts/Good%20Will%20Hunting%20Script.html,0
442,http://www.imsdb.com/Movie%20Scripts/Goodfellas%20Script.html,0
443,http://www.imsdb.com/Movie%20Scripts/Gothika%20Script.html,0
444,"http://www.imsdb.com/Movie%20Scripts/Graduate,%20The%20Script.html",0
445,http://www.imsdb.com/Movie%20Scripts/Gran%20Torino%20Script.html,0
446,http://www.imsdb.com/Movie%20Scripts/Grand%20Hotel%20Script.html,0
447,http://www.imsdb.com/Movie%20Scripts/Grand%20Theft%20Parsons%20Script.html,0
448,"http://www.imsdb.com/Movie%20Scripts/Grapes%20of%20Wrath,%20The%20Script.html",0
449,"http://www.imsdb.com/Movie%20Scripts/Green%20Mile,%20The%20Script.html",0
450,http://www.imsdb.com/Movie%20Scripts/Gremlins%20Script.html,0
451,http://www.imsdb.com/Movie%20Scripts/Gremlins%202%20Script.html,0
452,"http://www.imsdb.com/Movie%20Scripts/Grifters,%20The%20Script.html",0
453,http://www.imsdb.com/Movie%20Scripts/Grosse%20Point%20Blank%20Script.html,0
454,http://www.imsdb.com/Movie%20Scripts/Groundhog%20Day%20Script.html,0
455,"http://www.imsdb.com/Movie%20Scripts/Grudge,%20The%20Script.html",0
456,http://www.imsdb.com/Movie%20Scripts/Hackers%20Script.html,0
457,http://www.imsdb.com/Movie%20Scripts/Hall%20Pass%20Script.html,0
458,http://www.imsdb.com/Movie%20Scripts/Halloween:%20The%20Curse%20of%20Michael%20Myers%20Script.html,0
459,http://www.imsdb.com/Movie%20Scripts/Hancock%20Script.html,0
460,"http://www.imsdb.com/Movie%20Scripts/Hangover,%20The%20Script.html",0
461,http://www.imsdb.com/Movie%20Scripts/Hanna%20Script.html,0
462,http://www.imsdb.com/Movie%20Scripts/Hannah%20and%20Her%20Sisters%20Script.html,0
463,http://www.imsdb.com/Movie%20Scripts/Hannibal%20Script.html,0
464,"http://www.imsdb.com/Movie%20Scripts/Happy%20Birthday,%20Wanda%20June%20Script.html",0
465,http://www.imsdb.com/Movie%20Scripts/Happy%20Feet%20Script.html,0
466,http://www.imsdb.com/Movie%20Scripts/Hard%20Rain%20Script.html,0
467,http://www.imsdb.com/Movie%20Scripts/Hard%20to%20Kill%20Script.html,0
468,http://www.imsdb.com/Movie%20Scripts/Harold%20and%20Kumar%20Go%20to%20White%20Castle%20Script.html,0
469,http://www.imsdb.com/Movie%20Scripts/Harry%20Potter%20and%20the%20Chamber%20of%20Secrets%20Script.html,0
470,http://www.imsdb.com/Movie%20Scripts/Harry%20Potter%20and%20the%20Deathly%20Hallows%20Part%201%20Script.html,0
471,http://www.imsdb.com/Movie%20Scripts/Harry%20Potter%20and%20the%20Goblet%20of%20Fire%20Script.html,0
472,http://www.imsdb.com/Movie%20Scripts/Harry%20Potter%20and%20the%20Half-Blood%20Prince%20Script.html,0
473,http://www.imsdb.com/Movie%20Scripts/Harry%20Potter%20and%20the%20Prisoner%20of%20Azkaban%20Script.html,0
474,http://www.imsdb.com/Movie%20Scripts/Harry%20Potter%20and%20the%20Sorcerer's%20Stone%20Script.html,0
475,"http://www.imsdb.com/Movie%20Scripts/Haunting,%20The%20Script.html",0
476,http://www.imsdb.com/Movie%20Scripts/He's%20Just%20Not%20That%20Into%20You%20Script.html,0
477,http://www.imsdb.com/Movie%20Scripts/Heat%20Script.html,0
478,http://www.imsdb.com/Movie%20Scripts/Heathers%20Script.html,0
479,http://www.imsdb.com/Movie%20Scripts/Heavenly%20Creatures%20Script.html,0
480,http://www.imsdb.com/Movie%20Scripts/Heavy%20Metal%20Script.html,0
481,"http://www.imsdb.com/Movie%20Scripts/Hebrew%20Hammer,%20The%20Script.html",0
482,http://www.imsdb.com/Movie%20Scripts/Heist%20Script.html,0
483,http://www.imsdb.com/Movie%20Scripts/Hellbound:%20Hellraiser%20II%20Script.html,0
484,http://www.imsdb.com/Movie%20Scripts/Hellboy%20Script.html,0
485,http://www.imsdb.com/Movie%20Scripts/Hellboy%202:%20The%20Golden%20Army%20Script.html,0
486,http://www.imsdb.com/Movie%20Scripts/Hellraiser%20Script.html,0
487,http://www.imsdb.com/Movie%20Scripts/Hellraiser%203:%20Hell%20on%20Earth%20Script.html,0
488,http://www.imsdb.com/Movie%20Scripts/Hellraiser:%20Deader%20Script.html,0
489,http://www.imsdb.com/Movie%20Scripts/Hellraiser:%20Hellseeker%20Script.html,0
490,"http://www.imsdb.com/Movie%20Scripts/Help,%20The%20Script.html",0
491,http://www.imsdb.com/Movie%20Scripts/Henry%20Fool%20Script.html,0
492,http://www.imsdb.com/Movie%20Scripts/Henry's%20Crime%20Script.html,0
493,http://www.imsdb.com/Movie%20Scripts/Hesher%20Script.html,0
494,http://www.imsdb.com/Movie%20Scripts/High%20Fidelity%20Script.html,0
495,http://www.imsdb.com/Movie%20Scripts/Highlander%20Script.html,0
496,http://www.imsdb.com/Movie%20Scripts/Highlander:%20Endgame%20Script.html,0
497,"http://www.imsdb.com/Movie%20Scripts/Hills%20Have%20Eyes,%20The%20Script.html",0
498,http://www.imsdb.com/Movie%20Scripts/His%20Girl%20Friday%20Script.html,0
499,http://www.imsdb.com/Movie%20Scripts/Hitchcock%20Script.html,0
500,"http://www.imsdb.com/Movie%20Scripts/Hitchhiker's%20Guide%20to%20the%20Galaxy,%20The%20Script.html",0
501,http://www.imsdb.com/Movie%20Scripts/Hollow%20Man%20Script.html,0
502,http://www.imsdb.com/Movie%20Scripts/Honeydripper%20Script.html,0
503,http://www.imsdb.com/Movie%20Scripts/Horrible%20Bosses%20Script.html,0
504,"http://www.imsdb.com/Movie%20Scripts/Horse%20Whisperer,%20The%20Script.html",0
505,"http://www.imsdb.com/Movie%20Scripts/Hospital,%20The%20Script.html",0
506,http://www.imsdb.com/Movie%20Scripts/Hostage%20Script.html,0
507,http://www.imsdb.com/Movie%20Scripts/Hot%20Tub%20Time%20Machine%20Script.html,0
508,http://www.imsdb.com/Movie%20Scripts/Hotel%20Rwanda%20Script.html,0
509,http://www.imsdb.com/Movie%20Scripts/House%20of%201000%20Corpses%20Script.html,0
510,http://www.imsdb.com/Movie%20Scripts/How%20to%20Lose%20Friends%20&%20Alienate%20People%20Script.html,0
511,http://www.imsdb.com/Movie%20Scripts/How%20to%20Train%20Your%20Dragon%20Script.html,0
512,http://www.imsdb.com/Movie%20Scripts/Hudson%20Hawk%20Script.html,0
513,"http://www.imsdb.com/Movie%20Scripts/Hudsucker%20Proxy,%20The%20Script.html",0
514,http://www.imsdb.com/Movie%20Scripts/Human%20Nature%20Script.html,0
515,http://www.imsdb.com/Movie%20Scripts/I%20Am%20Number%20Four%20Script.html,0
516,http://www.imsdb.com/Movie%20Scripts/I%20am%20Sam%20Script.html,0
517,http://www.imsdb.com/Movie%20Scripts/I%20Love%20You%20Phillip%20Morris%20Script.html,0
518,http://www.imsdb.com/Movie%20Scripts/I%20Still%20Know%20What%20You%20Did%20Last%20Summer%20Script.html,0
519,http://www.imsdb.com/Movie%20Scripts/I'll%20Do%20Anything%20Script.html,0
520,"http://www.imsdb.com/Movie%20Scripts/I,%20Robot%20Script.html",0
521,"http://www.imsdb.com/Movie%20Scripts/Ice%20Storm,%20The%20Script.html",0
522,"http://www.imsdb.com/Movie%20Scripts/Ides%20of%20March,%20The%20Script.html",0
523,"http://www.imsdb.com/Movie%20Scripts/Imaginarium%20of%20Doctor%20Parnassus,%20The%20Script.html",0
524,http://www.imsdb.com/Movie%20Scripts/In%20the%20Bedroom%20Script.html,0
525,http://www.imsdb.com/Movie%20Scripts/In%20the%20Loop%20Script.html,0
526,"http://www.imsdb.com/Movie%20Scripts/Incredibles,%20The%20Script.html",0
527,http://www.imsdb.com/Movie%20Scripts/Independence%20Day%20Script.html,0
528,http://www.imsdb.com/Movie%20Scripts/Indiana%20Jones%20and%20the%20Last%20Crusade%20Script.html,0
529,http://www.imsdb.com/Movie%20Scripts/Indiana%20Jones%20and%20the%20Raiders%20of%20the%20Lost%20Ark%20Script.html,0
530,http://www.imsdb.com/Movie%20Scripts/Indiana%20Jones%20and%20the%20Temple%20of%20Doom%20Script.html,0
531,http://www.imsdb.com/Movie%20Scripts/Indiana%20Jones%20IV%20Script.html,0
532,"http://www.imsdb.com/Movie%20Scripts/Informant,%20The%20Script.html",0
533,http://www.imsdb.com/Movie%20Scripts/Inglourious%20Basterds%20Script.html,0
534,http://www.imsdb.com/Movie%20Scripts/Innerspace%20Script.html,0
535,"http://www.imsdb.com/Movie%20Scripts/Insider,%20The%20Script.html",0
536,http://www.imsdb.com/Movie%20Scripts/Insidious%20Script.html,0
537,http://www.imsdb.com/Movie%20Scripts/Insomnia%20Script.html,0
538,http://www.imsdb.com/Movie%20Scripts/Interview%20with%20the%20Vampire%20Script.html,0
539,http://www.imsdb.com/Movie%20Scripts/Into%20the%20Wild%20Script.html,0
540,http://www.imsdb.com/Movie%20Scripts/Intolerable%20Cruelty%20Script.html,0
541,http://www.imsdb.com/Movie%20Scripts/Inventing%20the%20Abbotts%20Script.html,0
542,"http://www.imsdb.com/Movie%20Scripts/Invention%20of%20Lying,%20The%20Script.html",0
543,http://www.imsdb.com/Movie%20Scripts/Invictus%20Script.html,0
544,"http://www.imsdb.com/Movie%20Scripts/Iron%20Lady,%20The%20Script.html",0
545,"http://www.imsdb.com/Movie%20Scripts/Island,%20The%20Script.html",0
546,http://www.imsdb.com/Movie%20Scripts/It%20Happened%20One%20Night%20Script.html,0
547,http://www.imsdb.com/Movie%20Scripts/It%20Happened%20One%20Night%20Script.html,0
548,http://www.imsdb.com/Movie%20Scripts/It's%20a%20Wonderful%20Life%20Script.html,0
549,http://www.imsdb.com/Movie%20Scripts/It's%20Complicated%20Script.html,0
550,"http://www.imsdb.com/Movie%20Scripts/Italian%20Job,%20The%20Script.html",0
551,"http://www.imsdb.com/Movie%20Scripts/Jacket,%20The%20Script.html",0
552,http://www.imsdb.com/Movie%20Scripts/Jackie%20Brown%20Script.html,0
553,http://www.imsdb.com/Movie%20Scripts/Jacob's%20Ladder%20Script.html,0
554,http://www.imsdb.com/Movie%20Scripts/Jade%20Script.html,0
555,http://www.imsdb.com/Movie%20Scripts/Jane%20Eyre%20Script.html,0
556,http://www.imsdb.com/Movie%20Scripts/Jason%20X%20Script.html,0
557,http://www.imsdb.com/Movie%20Scripts/Jaws%20Script.html,0
558,http://www.imsdb.com/Movie%20Scripts/Jaws%202%20Script.html,0
559,http://www.imsdb.com/Movie%20Scripts/Jay%20and%20Silent%20Bob%20Strike%20Back%20Script.html,0
560,http://www.imsdb.com/Movie%20Scripts/Jennifer%20Eight%20Script.html,0
561,http://www.imsdb.com/Movie%20Scripts/Jennifer's%20Body%20Script.html,0
562,http://www.imsdb.com/Movie%20Scripts/Jerry%20Maguire%20Script.html,0
563,http://www.imsdb.com/Movie%20Scripts/JFK%20Script.html,0
564,http://www.imsdb.com/Movie%20Scripts/Jimmy%20and%20Judy%20Script.html,0
565,http://www.imsdb.com/Movie%20Scripts/John%20Q%20Script.html,0
566,http://www.imsdb.com/Movie%20Scripts/Judge%20Dredd%20Script.html,0
567,http://www.imsdb.com/Movie%20Scripts/Juno%20Script.html,0
568,http://www.imsdb.com/Movie%20Scripts/Jurassic%20Park%20Script.html,0
569,http://www.imsdb.com/Movie%20Scripts/Jurassic%20Park%20III%20Script.html,0
570,http://www.imsdb.com/Movie%20Scripts/Jurassic%20Park:%20The%20Lost%20World%20Script.html,0
571,http://www.imsdb.com/Movie%20Scripts/Kafka%20Script.html,0
572,http://www.imsdb.com/Movie%20Scripts/Kalifornia%20Script.html,0
573,http://www.imsdb.com/Movie%20Scripts/Kate%20&%20Leopold%20Script.html,0
574,http://www.imsdb.com/Movie%20Scripts/Kids%20Script.html,0
575,"http://www.imsdb.com/Movie%20Scripts/Kids%20Are%20All%20Right,%20The%20Script.html",0
576,http://www.imsdb.com/Movie%20Scripts/Kill%20Bill%20Volume%201%20&%202%20Script.html,0
577,http://www.imsdb.com/Movie%20Scripts/Killing%20Zoe%20Script.html,0
578,http://www.imsdb.com/Movie%20Scripts/King%20Kong%20Script.html,0
579,"http://www.imsdb.com/Movie%20Scripts/King%20of%20Comedy,%20The%20Script.html",0
580,"http://www.imsdb.com/Movie%20Scripts/King's%20Speech,%20The%20Script.html",0
581,"http://www.imsdb.com/Movie%20Scripts/Kingdom,%20The%20Script.html",0
582,http://www.imsdb.com/Movie%20Scripts/Kiss%20of%20the%20Spider%20Woman%20Script.html,0
583,http://www.imsdb.com/Movie%20Scripts/Klute%20Script.html,0
584,http://www.imsdb.com/Movie%20Scripts/Kramer%20vs%20Kramer%20Script.html,0
585,http://www.imsdb.com/Movie%20Scripts/Kundun%20Script.html,0
586,http://www.imsdb.com/Movie%20Scripts/Kung%20Fu%20Panda%20Script.html,0
587,http://www.imsdb.com/Movie%20Scripts/L.A.%20Confidential%20Script.html,0
588,http://www.imsdb.com/Movie%20Scripts/Labor%20of%20Love%20Script.html,0
589,http://www.imsdb.com/Movie%20Scripts/Labyrinth%20Script.html,0
590,"http://www.imsdb.com/Movie%20Scripts/Ladykillers,%20The%20Script.html",0
591,http://www.imsdb.com/Movie%20Scripts/Lake%20Placid%20Script.html,0
592,http://www.imsdb.com/Movie%20Scripts/Land%20of%20the%20Dead%20Script.html,0
593,http://www.imsdb.com/Movie%20Scripts/Larry%20Crowne%20Script.html,0
594,"http://www.imsdb.com/Movie%20Scripts/Last%20Boy%20Scout,%20The%20Script.html",0
595,http://www.imsdb.com/Movie%20Scripts/Last%20Chance%20Harvey%20Script.html,0
596,"http://www.imsdb.com/Movie%20Scripts/Last%20Flight,%20The%20Script.html",0
597,"http://www.imsdb.com/Movie%20Scripts/Last%20of%20the%20Mohicans,%20The%20Script.html",0
598,"http://www.imsdb.com/Movie%20Scripts/Last%20Samurai,%20The%20Script.html",0
599,"http://www.imsdb.com/Movie%20Scripts/Last%20Station,%20The%20Script.html",0
600,http://www.imsdb.com/Movie%20Scripts/Last%20Tango%20in%20Paris%20Script.html,0
601,http://www.imsdb.com/Movie%20Scripts/Law%20Abiding%20Citizen%20Script.html,0
602,http://www.imsdb.com/Movie%20Scripts/Leaving%20Las%20Vegas%20Script.html,0
603,http://www.imsdb.com/Movie%20Scripts/Legally%20Blonde%20Script.html,0
604,http://www.imsdb.com/Movie%20Scripts/Legend%20Script.html,0
605,http://www.imsdb.com/Movie%20Scripts/Legion%20Script.html,0
606,http://www.imsdb.com/Movie%20Scripts/Les%20Miserables%20Script.html,0
607,http://www.imsdb.com/Movie%20Scripts/Lethal%20Weapon%20Script.html,0
608,http://www.imsdb.com/Movie%20Scripts/Lethal%20Weapon%204%20Script.html,0
609,http://www.imsdb.com/Movie%20Scripts/Leviathan%20Script.html,0
610,http://www.imsdb.com/Movie%20Scripts/Liar%20Liar%20Script.html,0
611,http://www.imsdb.com/Movie%20Scripts/Life%20Script.html,0
612,http://www.imsdb.com/Movie%20Scripts/Life%20As%20A%20House%20Script.html,0
613,"http://www.imsdb.com/Movie%20Scripts/Life%20of%20David%20Gale,%20The%20Script.html",0
614,http://www.imsdb.com/Movie%20Scripts/Life%20of%20Pi%20Script.html,0
615,http://www.imsdb.com/Movie%20Scripts/Light%20Sleeper%20Script.html,0
616,"http://www.imsdb.com/Movie%20Scripts/Limey,%20The%20Script.html",0
617,http://www.imsdb.com/Movie%20Scripts/Limitless%20Script.html,0
618,http://www.imsdb.com/Movie%20Scripts/Lincoln%20Script.html,0
619,"http://www.imsdb.com/Movie%20Scripts/Lincoln%20Lawyer,%20The%20Script.html",0
620,"http://www.imsdb.com/Movie%20Scripts/Lion%20King,%20The%20Script.html",0
621,http://www.imsdb.com/Movie%20Scripts/Little%20Athens%20Script.html,0
622,"http://www.imsdb.com/Movie%20Scripts/Little%20Mermaid,%20The%20Script.html",0
623,http://www.imsdb.com/Movie%20Scripts/Little%20Nicky%20Script.html,0
624,http://www.imsdb.com/Movie%20Scripts/Living%20in%20Oblivion%20Script.html,0
625,"http://www.imsdb.com/Movie%20Scripts/Lock,%20Stock%20and%20Two%20Smoking%20Barrels%20Script.html",0
626,http://www.imsdb.com/Movie%20Scripts/Logan's%20Run%20Script.html,0
627,http://www.imsdb.com/Movie%20Scripts/Lone%20Star%20Script.html,0
628,"http://www.imsdb.com/Movie%20Scripts/Long%20Kiss%20Goodnight,%20The%20Script.html",0
629,http://www.imsdb.com/Movie%20Scripts/Looper%20Script.html,0
630,http://www.imsdb.com/Movie%20Scripts/Lord%20of%20Illusions%20Script.html,0
631,"http://www.imsdb.com/Movie%20Scripts/Lord%20of%20the%20Rings:%20Fellowship%20of%20the%20Ring,%20The%20Script.html",0
632,http://www.imsdb.com/Movie%20Scripts/Lord%20of%20the%20Rings:%20Return%20of%20the%20King%20Script.html,0
633,http://www.imsdb.com/Movie%20Scripts/Lord%20of%20the%20Rings:%20The%20Two%20Towers%20Script.html,0
634,http://www.imsdb.com/Movie%20Scripts/Lord%20of%20War%20Script.html,0
635,"http://www.imsdb.com/Movie%20Scripts/Losers,%20The%20Script.html",0
636,http://www.imsdb.com/Movie%20Scripts/Lost%20Highway%20Script.html,0
637,http://www.imsdb.com/Movie%20Scripts/Lost%20Horizon%20Script.html,0
638,http://www.imsdb.com/Movie%20Scripts/Lost%20in%20Space%20Script.html,0
639,http://www.imsdb.com/Movie%20Scripts/Lost%20in%20Translation%20Script.html,0
640,http://www.imsdb.com/Movie%20Scripts/Love%20and%20Basketball%20Script.html,0
641,http://www.imsdb.com/Movie%20Scripts/Machete%20Script.html,0
642,http://www.imsdb.com/Movie%20Scripts/Machine%20Gun%20Preacher%20Script.html,0
643,http://www.imsdb.com/Movie%20Scripts/Mad%20Max%202:%20The%20Road%20Warrior%20Script.html,0
644,http://www.imsdb.com/Movie%20Scripts/Made%20Script.html,0
645,http://www.imsdb.com/Movie%20Scripts/Magnolia%20Script.html,0
646,"http://www.imsdb.com/Movie%20Scripts/Majestic,%20The%20(The%20Bijou)%20Script.html",0
647,http://www.imsdb.com/Movie%20Scripts/Major%20League%20Script.html,0
648,http://www.imsdb.com/Movie%20Scripts/Malcolm%20X%20Script.html,0
649,http://www.imsdb.com/Movie%20Scripts/Malibu's%20Most%20Wanted%20Script.html,0
650,http://www.imsdb.com/Movie%20Scripts/Man%20in%20the%20Iron%20Mask%20Script.html,0
651,http://www.imsdb.com/Movie%20Scripts/Man%20On%20Fire%20Script.html,0
652,http://www.imsdb.com/Movie%20Scripts/Man%20on%20the%20Moon%20Script.html,0
653,http://www.imsdb.com/Movie%20Scripts/Man%20Trouble%20Script.html,0
654,"http://www.imsdb.com/Movie%20Scripts/Man%20Who%20Knew%20Too%20Much,%20The%20Script.html",0
655,"http://www.imsdb.com/Movie%20Scripts/Man%20Who%20Wasn't%20There,%20The%20Script.html",0
656,"http://www.imsdb.com/Movie%20Scripts/Manchurian%20Candidate,%20The%20Script.html",0
657,http://www.imsdb.com/Movie%20Scripts/Manhunter%20Script.html,0
658,http://www.imsdb.com/Movie%20Scripts/Margaret%20Script.html,0
659,http://www.imsdb.com/Movie%20Scripts/Margin%20Call%20Script.html,0
660,http://www.imsdb.com/Movie%20Scripts/Margot%20at%20the%20Wedding%20Script.html,0
661,"http://www.imsdb.com/Movie%20Scripts/Mariachi,%20El%20Script.html",0
662,http://www.imsdb.com/Movie%20Scripts/Marley%20&%20Me%20Script.html,0
663,http://www.imsdb.com/Movie%20Scripts/Martha%20Marcy%20May%20Marlene%20Script.html,0
664,http://www.imsdb.com/Movie%20Scripts/Marty%20Script.html,0
665,http://www.imsdb.com/Movie%20Scripts/Mary%20Poppins%20Script.html,0
666,"http://www.imsdb.com/Movie%20Scripts/Mask,%20The%20Script.html",0
667,http://www.imsdb.com/Movie%20Scripts/Master%20and%20Commander%20Script.html,0
668,"http://www.imsdb.com/Movie%20Scripts/Master,%20The%20Script.html",0
669,http://www.imsdb.com/Movie%20Scripts/Matchstick%20Men%20Script.html,0
670,"http://www.imsdb.com/Movie%20Scripts/Matrix%20Reloaded,%20The%20Script.html",0
671,"http://www.imsdb.com/Movie%20Scripts/Matrix,%20The%20Script.html",0
672,http://www.imsdb.com/Movie%20Scripts/Max%20Payne%20Script.html,0
673,http://www.imsdb.com/Movie%20Scripts/Mean%20Streets%20Script.html,0
674,"http://www.imsdb.com/Movie%20Scripts/Mechanic,%20The%20Script.html",0
675,http://www.imsdb.com/Movie%20Scripts/Meet%20Joe%20Black%20Script.html,0
676,http://www.imsdb.com/Movie%20Scripts/Meet%20John%20Doe%20Script.html,0
677,http://www.imsdb.com/Movie%20Scripts/Megamind%20Script.html,0
678,http://www.imsdb.com/Movie%20Scripts/Memento%20Script.html,0
679,http://www.imsdb.com/Movie%20Scripts/Men%20in%20Black%20Script.html,0
680,http://www.imsdb.com/Movie%20Scripts/Men%20in%20Black%203%20Script.html,0
681,"http://www.imsdb.com/Movie%20Scripts/Men%20Who%20Stare%20at%20Goats,%20The%20Script.html",0
682,http://www.imsdb.com/Movie%20Scripts/Metro%20Script.html,0
683,http://www.imsdb.com/Movie%20Scripts/Miami%20Vice%20Script.html,0
684,http://www.imsdb.com/Movie%20Scripts/Midnight%20Cowboy%20Script.html,0
685,http://www.imsdb.com/Movie%20Scripts/Midnight%20Express%20Script.html,0
686,http://www.imsdb.com/Movie%20Scripts/Midnight%20in%20Paris%20Script.html,0
687,http://www.imsdb.com/Movie%20Scripts/Mighty%20Morphin%20Power%20Rangers:%20The%20Movie%20Script.html,0
688,http://www.imsdb.com/Movie%20Scripts/Milk%20Script.html,0
689,http://www.imsdb.com/Movie%20Scripts/Miller's%20Crossing%20Script.html,0
690,http://www.imsdb.com/Movie%20Scripts/Mimic%20Script.html,0
691,http://www.imsdb.com/Movie%20Scripts/Mini's%20First%20Time%20Script.html,0
692,http://www.imsdb.com/Movie%20Scripts/Minority%20Report%20Script.html,0
693,"http://www.imsdb.com/Movie%20Scripts/Miracle%20Worker,%20The%20Script.html",0
694,http://www.imsdb.com/Movie%20Scripts/Mirrors%20Script.html,0
695,http://www.imsdb.com/Movie%20Scripts/Misery%20Script.html,0
696,http://www.imsdb.com/Movie%20Scripts/Mission%20Impossible%20Script.html,0
697,http://www.imsdb.com/Movie%20Scripts/Mission%20Impossible%20II%20Script.html,0
698,http://www.imsdb.com/Movie%20Scripts/Mission%20to%20Mars%20Script.html,0
699,http://www.imsdb.com/Movie%20Scripts/Moneyball%20Script.html,0
700,http://www.imsdb.com/Movie%20Scripts/Monkeybone%20Script.html,0
701,http://www.imsdb.com/Movie%20Scripts/Monster's%20Ball%20Script.html,0
702,http://www.imsdb.com/Movie%20Scripts/Monte%20Carlo%20Script.html,0
703,http://www.imsdb.com/Movie%20Scripts/Moon%20Script.html,0
704,http://www.imsdb.com/Movie%20Scripts/Moonrise%20Kingdom%20Script.html,0
705,http://www.imsdb.com/Movie%20Scripts/Moonstruck%20Script.html,0
706,http://www.imsdb.com/Movie%20Scripts/Mr%20Blandings%20Builds%20His%20Dream%20House%20Script.html,0
707,http://www.imsdb.com/Movie%20Scripts/Mr%20Brooks%20Script.html,0
708,http://www.imsdb.com/Movie%20Scripts/Mr%20Deeds%20Goes%20to%20Town%20Script.html,0
709,http://www.imsdb.com/Movie%20Scripts/Mr.%20Holland's%20Opus%20Script.html,0
710,http://www.imsdb.com/Movie%20Scripts/Mrs.%20Brown%20Script.html,0
711,http://www.imsdb.com/Movie%20Scripts/Mud%20Script.html,0
712,http://www.imsdb.com/Movie%20Scripts/Mulan%20Script.html,0
713,http://www.imsdb.com/Movie%20Scripts/Mulholland%20Drive%20Script.html,0
714,http://www.imsdb.com/Movie%20Scripts/Mumford%20Script.html,0
715,"http://www.imsdb.com/Movie%20Scripts/Mummy,%20The%20Script.html",0
716,http://www.imsdb.com/Movie%20Scripts/Music%20of%20the%20Heart%20Script.html,0
717,http://www.imsdb.com/Movie%20Scripts/My%20Best%20Friend's%20Wedding%20Script.html,0
718,http://www.imsdb.com/Movie%20Scripts/My%20Girl%20Script.html,0
719,http://www.imsdb.com/Movie%20Scripts/My%20Mother%20Dreams%20the%20Satan's%20Disciples%20in%20New%20York%20Script.html,0
720,http://www.imsdb.com/Movie%20Scripts/My%20Week%20with%20Marilyn%20Script.html,0
721,http://www.imsdb.com/Movie%20Scripts/Mystery%20Men%20Script.html,0
722,http://www.imsdb.com/Movie%20Scripts/Napoleon%20Dynamite%20Script.html,0
723,http://www.imsdb.com/Movie%20Scripts/Nashville%20Script.html,0
724,http://www.imsdb.com/Movie%20Scripts/Natural%20Born%20Killers%20Script.html,0
725,http://www.imsdb.com/Movie%20Scripts/Never%20Been%20Kissed%20Script.html,0
726,"http://www.imsdb.com/Movie%20Scripts/Neverending%20Story,%20The%20Script.html",0
727,http://www.imsdb.com/Movie%20Scripts/New%20York%20Minute%20Script.html,0
728,http://www.imsdb.com/Movie%20Scripts/Newsies%20Script.html,0
729,http://www.imsdb.com/Movie%20Scripts/Next%20Script.html,0
730,http://www.imsdb.com/Movie%20Scripts/Next%20Friday%20Script.html,0
731,"http://www.imsdb.com/Movie%20Scripts/Next%20Three%20Days,%20The%20Script.html",0
732,http://www.imsdb.com/Movie%20Scripts/Nick%20of%20Time%20Script.html,0
733,http://www.imsdb.com/Movie%20Scripts/Night%20Time%20(The%20Poltergeist%20Treatment)%20Script.html,0
734,http://www.imsdb.com/Movie%20Scripts/Nightbreed%20Script.html,0
735,"http://www.imsdb.com/Movie%20Scripts/Nightmare%20Before%20Christmas,%20The%20Script.html",0
736,"http://www.imsdb.com/Movie%20Scripts/Nightmare%20Before%20Christmas,%20The%20Script.html",0
737,"http://www.imsdb.com/Movie%20Scripts/Nightmare%20on%20Elm%20Street,%20A%20Script.html",0
738,http://www.imsdb.com/Movie%20Scripts/Nightmare%20on%20Elm%20Street:%20The%20Final%20Chapter%20Script.html,0
739,http://www.imsdb.com/Movie%20Scripts/Nine%20Script.html,0
740,"http://www.imsdb.com/Movie%20Scripts/Nines,%20The%20Script.html",0
741,http://www.imsdb.com/Movie%20Scripts/Ninja%20Assassin%20Script.html,0
742,http://www.imsdb.com/Movie%20Scripts/Ninotchka%20Script.html,0
743,"http://www.imsdb.com/Movie%20Scripts/Ninth%20Gate,%20The%20Script.html",0
744,http://www.imsdb.com/Movie%20Scripts/No%20Strings%20Attached%20Script.html,0
745,http://www.imsdb.com/Movie%20Scripts/Notting%20Hill%20Script.html,0
746,http://www.imsdb.com/Movie%20Scripts/Nurse%20Betty%20Script.html,0
747,http://www.imsdb.com/Movie%20Scripts/O%20Brother%20Where%20Art%20Thou?%20Script.html,0
748,http://www.imsdb.com/Movie%20Scripts/Oblivion%20Script.html,0
749,http://www.imsdb.com/Movie%20Scripts/Observe%20and%20Report%20Script.html,0
750,http://www.imsdb.com/Movie%20Scripts/Obsessed%20Script.html,0
751,http://www.imsdb.com/Movie%20Scripts/Ocean's%20Eleven%20Script.html,0
752,http://www.imsdb.com/Movie%20Scripts/Ocean's%20Twelve%20Script.html,0
753,http://www.imsdb.com/Movie%20Scripts/Office%20Space%20Script.html,0
754,"http://www.imsdb.com/Movie%20Scripts/Officer%20and%20a%20Gentleman,%20An%20Script.html",0
755,http://www.imsdb.com/Movie%20Scripts/Omega%20Man%20Script.html,0
756,http://www.imsdb.com/Movie%20Scripts/One%20Flew%20Over%20the%20Cuckoo's%20Nest%20Script.html,0
757,http://www.imsdb.com/Movie%20Scripts/Only%20God%20Forgives%20Script.html,0
758,http://www.imsdb.com/Movie%20Scripts/Ordinary%20People%20Script.html,0
759,http://www.imsdb.com/Movie%20Scripts/Orgy%20of%20the%20Dead%20Script.html,0
760,http://www.imsdb.com/Movie%20Scripts/Orphan%20Script.html,0
761,"http://www.imsdb.com/Movie%20Scripts/Other%20Boleyn%20Girl,%20The%20Script.html",0
762,http://www.imsdb.com/Movie%20Scripts/Out%20of%20Sight%20Script.html,0
763,http://www.imsdb.com/Movie%20Scripts/Outbreak%20Script.html,0
764,"http://www.imsdb.com/Movie%20Scripts/Pacifier,%20The%20Script.html",0
765,http://www.imsdb.com/Movie%20Scripts/Pandorum%20Script.html,0
766,http://www.imsdb.com/Movie%20Scripts/Panic%20Room%20Script.html,0
767,http://www.imsdb.com/Movie%20Scripts/ParaNorman%20Script.html,0
768,http://www.imsdb.com/Movie%20Scripts/Pariah%20Script.html,0
769,"http://www.imsdb.com/Movie%20Scripts/Passion%20of%20Joan%20of%20Arc,%20The%20Script.html",0
770,"http://www.imsdb.com/Movie%20Scripts/Patriot,%20The%20Script.html",0
771,http://www.imsdb.com/Movie%20Scripts/Paul%20Script.html,0
772,http://www.imsdb.com/Movie%20Scripts/Pearl%20Harbor%20Script.html,0
773,http://www.imsdb.com/Movie%20Scripts/Peeping%20Tom%20Script.html,0
774,http://www.imsdb.com/Movie%20Scripts/Peggy%20Sue%20Got%20Married%20Script.html,0
775,http://www.imsdb.com/Movie%20Scripts/Perfect%20Creature%20Script.html,0
776,"http://www.imsdb.com/Movie%20Scripts/Perfect%20World,%20A%20Script.html",0
777,"http://www.imsdb.com/Movie%20Scripts/Perks%20of%20Being%20a%20Wallflower,%20The%20Script.html",0
778,http://www.imsdb.com/Movie%20Scripts/Pet%20Sematary%20Script.html,0
779,http://www.imsdb.com/Movie%20Scripts/Pet%20Sematary%20II%20Script.html,0
780,http://www.imsdb.com/Movie%20Scripts/Petulia%20Script.html,0
781,http://www.imsdb.com/Movie%20Scripts/Philadelphia%20Script.html,0
782,http://www.imsdb.com/Movie%20Scripts/Phone%20Booth%20Script.html,0
783,http://www.imsdb.com/Movie%20Scripts/Pi%20Script.html,0
784,"http://www.imsdb.com/Movie%20Scripts/Pianist,%20The%20Script.html",0
785,"http://www.imsdb.com/Movie%20Scripts/Piano,%20The%20Script.html",0
786,http://www.imsdb.com/Movie%20Scripts/Pineapple%20Express%20Script.html,0
787,http://www.imsdb.com/Movie%20Scripts/Pirates%20of%20the%20Caribbean%20Script.html,0
788,http://www.imsdb.com/Movie%20Scripts/Pirates%20of%20the%20Caribbean:%20Dead%20Man's%20Chest%20Script.html,0
789,http://www.imsdb.com/Movie%20Scripts/Pitch%20Black%20Script.html,0
790,"http://www.imsdb.com/Movie%20Scripts/Planet%20of%20the%20Apes,%20The%20Script.html",0
791,http://www.imsdb.com/Movie%20Scripts/Platinum%20Blonde%20Script.html,0
792,http://www.imsdb.com/Movie%20Scripts/Platoon%20Script.html,0
793,http://www.imsdb.com/Movie%20Scripts/Pleasantville%20Script.html,0
794,http://www.imsdb.com/Movie%20Scripts/Point%20Break%20Script.html,0
795,http://www.imsdb.com/Movie%20Scripts/Pokemon:%20Mewtwo%20Returns%20Script.html,0
796,"http://www.imsdb.com/Movie%20Scripts/Postman,%20The%20Script.html",0
797,"http://www.imsdb.com/Movie%20Scripts/Power%20of%20One,%20The%20Script.html",0
798,http://www.imsdb.com/Movie%20Scripts/Precious%20Script.html,0
799,http://www.imsdb.com/Movie%20Scripts/Predator%20Script.html,0
800,http://www.imsdb.com/Movie%20Scripts/Pretty%20Woman%20Script.html,0
801,http://www.imsdb.com/Movie%20Scripts/Pride%20and%20Prejudice%20Script.html,0
802,http://www.imsdb.com/Movie%20Scripts/Priest%20Script.html,0
803,"http://www.imsdb.com/Movie%20Scripts/Princess%20Bride,%20The%20Script.html",0
804,"http://www.imsdb.com/Movie%20Scripts/Private%20Life%20of%20Sherlock%20Holmes,%20The%20Script.html",0
805,"http://www.imsdb.com/Movie%20Scripts/Producer,%20The%20Script.html",0
806,"http://www.imsdb.com/Movie%20Scripts/Program,%20The%20Script.html",0
807,http://www.imsdb.com/Movie%20Scripts/Prom%20Night%20Script.html,0
808,http://www.imsdb.com/Movie%20Scripts/Prometheus%20Script.html,0
809,"http://www.imsdb.com/Movie%20Scripts/Prophecy,%20The%20Script.html",0
810,"http://www.imsdb.com/Movie%20Scripts/Proposal,%20The%20Script.html",0
811,http://www.imsdb.com/Movie%20Scripts/Psycho%20Script.html,0
812,http://www.imsdb.com/Movie%20Scripts/Public%20Enemies%20Script.html,0
813,http://www.imsdb.com/Movie%20Scripts/Pulp%20Fiction%20Script.html,0
814,http://www.imsdb.com/Movie%20Scripts/Punch-Drunk%20Love%20Script.html,0
815,http://www.imsdb.com/Movie%20Scripts/Purple%20Rain%20Script.html,0
816,http://www.imsdb.com/Movie%20Scripts/Quantum%20Project%20Script.html,0
817,http://www.imsdb.com/Movie%20Scripts/Queen%20of%20the%20Damned%20Script.html,0
818,"http://www.imsdb.com/Movie%20Scripts/Queen,%20The%20Script.html",0
819,http://www.imsdb.com/Movie%20Scripts/Rachel%20Getting%20Married%20Script.html,0
820,http://www.imsdb.com/Movie%20Scripts/Raging%20Bull%20Script.html,0
821,http://www.imsdb.com/Movie%20Scripts/Raising%20Arizona%20Script.html,0
822,http://www.imsdb.com/Movie%20Scripts/Rambling%20Rose%20Script.html,0
823,http://www.imsdb.com/Movie%20Scripts/Rambo:%20First%20Blood%20II:%20The%20Mission%20Script.html,0
824,"http://www.imsdb.com/Movie%20Scripts/Reader,%20The%20Script.html",0
825,http://www.imsdb.com/Movie%20Scripts/Real%20Genius%20Script.html,0
826,http://www.imsdb.com/Movie%20Scripts/Rear%20Window%20Script.html,0
827,http://www.imsdb.com/Movie%20Scripts/Rebel%20Without%20A%20Cause%20Script.html,0
828,http://www.imsdb.com/Movie%20Scripts/Red%20Planet%20Script.html,0
829,http://www.imsdb.com/Movie%20Scripts/Red%20Riding%20Hood%20Script.html,0
830,http://www.imsdb.com/Movie%20Scripts/Reindeer%20Games%20Script.html,0
831,"http://www.imsdb.com/Movie%20Scripts/Relic,%20The%20Script.html",0
832,http://www.imsdb.com/Movie%20Scripts/Remember%20Me%20Script.html,0
833,"http://www.imsdb.com/Movie%20Scripts/Replacements,%20The%20Script.html",0
834,http://www.imsdb.com/Movie%20Scripts/Repo%20Man%20Script.html,0
835,"http://www.imsdb.com/Movie%20Scripts/Rescuers%20Down%20Under,%20The%20Script.html",0
836,http://www.imsdb.com/Movie%20Scripts/Reservoir%20Dogs%20Script.html,0
837,http://www.imsdb.com/Movie%20Scripts/Resident%20Evil%20Script.html,0
838,http://www.imsdb.com/Movie%20Scripts/Return%20of%20the%20Apes%20Script.html,0
839,http://www.imsdb.com/Movie%20Scripts/Revolutionary%20Road%20Script.html,0
840,http://www.imsdb.com/Movie%20Scripts/Ringu%20Script.html,0
841,http://www.imsdb.com/Movie%20Scripts/Rise%20of%20the%20Guardians%20Script.html,0
842,http://www.imsdb.com/Movie%20Scripts/Rise%20of%20the%20Planet%20of%20the%20Apes%20Script.html,0
843,http://www.imsdb.com/Movie%20Scripts/RKO%20281%20Script.html,0
844,"http://www.imsdb.com/Movie%20Scripts/Road,%20The%20Script.html",0
845,http://www.imsdb.com/Movie%20Scripts/Robin%20Hood:%20Prince%20of%20Thieves%20Script.html,0
846,http://www.imsdb.com/Movie%20Scripts/Robocop%20Script.html,0
847,"http://www.imsdb.com/Movie%20Scripts/Rock,%20The%20Script.html",0
848,http://www.imsdb.com/Movie%20Scripts/RocknRolla%20Script.html,0
849,http://www.imsdb.com/Movie%20Scripts/Rocky%20Script.html,0
850,"http://www.imsdb.com/Movie%20Scripts/Rocky%20Horror%20Picture%20Show,%20The%20Script.html",0
851,http://www.imsdb.com/Movie%20Scripts/Romeo%20&%20Juliet%20Script.html,0
852,http://www.imsdb.com/Movie%20Scripts/Ronin%20Script.html,0
853,"http://www.imsdb.com/Movie%20Scripts/Roommate,%20The%20Script.html",0
854,http://www.imsdb.com/Movie%20Scripts/Roughshod%20Script.html,0
855,"http://www.imsdb.com/Movie%20Scripts/Ruins,%20The%20Script.html",0
856,http://www.imsdb.com/Movie%20Scripts/Runaway%20Bride%20Script.html,0
857,http://www.imsdb.com/Movie%20Scripts/Rush%20Hour%20Script.html,0
858,http://www.imsdb.com/Movie%20Scripts/Rush%20Hour%202%20Script.html,0
859,http://www.imsdb.com/Movie%20Scripts/Rushmore%20Script.html,0
860,http://www.imsdb.com/Movie%20Scripts/Rust%20and%20Bone%20Script.html,0
861,http://www.imsdb.com/Movie%20Scripts/S.%20Darko%20Script.html,0
862,"http://www.imsdb.com/Movie%20Scripts/Saint,%20The%20Script.html",0
863,"http://www.imsdb.com/Movie%20Scripts/Salton%20Sea,%20The%20Script.html",0
864,"http://www.imsdb.com/Movie%20Scripts/Sandlot%20Kids,%20The%20Script.html",0
865,http://www.imsdb.com/Movie%20Scripts/Save%20the%20Last%20Dance%20Script.html,0
866,http://www.imsdb.com/Movie%20Scripts/Saving%20Private%20Ryan%20Script.html,0
867,http://www.imsdb.com/Movie%20Scripts/Saw%20Script.html,0
868,http://www.imsdb.com/Movie%20Scripts/Scarface%20Script.html,0
869,http://www.imsdb.com/Movie%20Scripts/Scary%20Movie%202%20Script.html,0
870,http://www.imsdb.com/Movie%20Scripts/Schindler's%20List%20Script.html,0
871,http://www.imsdb.com/Movie%20Scripts/Scott%20Pilgrim%20vs%20the%20World%20Script.html,0
872,http://www.imsdb.com/Movie%20Scripts/Scream%20Script.html,0
873,http://www.imsdb.com/Movie%20Scripts/Scream%202%20Script.html,0
874,http://www.imsdb.com/Movie%20Scripts/Scream%203%20Script.html,0
875,http://www.imsdb.com/Movie%20Scripts/Se7en%20Script.html,0
876,"http://www.imsdb.com/Movie%20Scripts/Searchers,%20The%20Script.html",0
877,http://www.imsdb.com/Movie%20Scripts/Semi-Pro%20Script.html,0
878,http://www.imsdb.com/Movie%20Scripts/Sense%20and%20Sensibility%20Script.html,0
879,http://www.imsdb.com/Movie%20Scripts/Serenity%20Script.html,0
880,http://www.imsdb.com/Movie%20Scripts/Serial%20Mom%20Script.html,0
881,"http://www.imsdb.com/Movie%20Scripts/Sessions,%20The%20Script.html",0
882,"http://www.imsdb.com/Movie%20Scripts/Seventh%20Seal,%20The%20Script.html",0
883,http://www.imsdb.com/Movie%20Scripts/Sex%20and%20the%20City%20Script.html,0
884,"http://www.imsdb.com/Movie%20Scripts/Sex,%20Lies%20and%20Videotape%20Script.html",0
885,http://www.imsdb.com/Movie%20Scripts/Sexual%20Life%20Script.html,0
886,http://www.imsdb.com/Movie%20Scripts/Shadow%20of%20the%20Vampire%20Script.html,0
887,http://www.imsdb.com/Movie%20Scripts/Shakespeare%20in%20Love%20Script.html,0
888,http://www.imsdb.com/Movie%20Scripts/Shallow%20Grave%20Script.html,0
889,http://www.imsdb.com/Movie%20Scripts/Shame%20Script.html,0
890,http://www.imsdb.com/Movie%20Scripts/Shampoo%20Script.html,0
891,"http://www.imsdb.com/Movie%20Scripts/Shawshank%20Redemption,%20The%20Script.html",0
892,http://www.imsdb.com/Movie%20Scripts/She's%20Out%20of%20My%20League%20Script.html,0
893,http://www.imsdb.com/Movie%20Scripts/Sherlock%20Holmes%20Script.html,0
894,http://www.imsdb.com/Movie%20Scripts/Shifty%20Script.html,0
895,"http://www.imsdb.com/Movie%20Scripts/Shining,%20The%20Script.html",0
896,"http://www.imsdb.com/Movie%20Scripts/Shipping%20News,%20The%20Script.html",0
897,http://www.imsdb.com/Movie%20Scripts/Shivers%20Script.html,0
898,http://www.imsdb.com/Movie%20Scripts/Shrek%20Script.html,0
899,http://www.imsdb.com/Movie%20Scripts/Shrek%20the%20Third%20Script.html,0
900,http://www.imsdb.com/Movie%20Scripts/Sideways%20Script.html,0
901,"http://www.imsdb.com/Movie%20Scripts/Siege,%20The%20Script.html",0
902,http://www.imsdb.com/Movie%20Scripts/Signs%20Script.html,0
903,http://www.imsdb.com/Movie%20Scripts/Silence%20of%20the%20Lambs%20Script.html,0
904,http://www.imsdb.com/Movie%20Scripts/Silver%20Bullet%20Script.html,0
905,http://www.imsdb.com/Movie%20Scripts/Silver%20Linings%20Playbook%20Script.html,0
906,http://www.imsdb.com/Movie%20Scripts/Simone%20Script.html,0
907,http://www.imsdb.com/Movie%20Scripts/Sister%20Act%20Script.html,0
908,http://www.imsdb.com/Movie%20Scripts/Six%20Degrees%20of%20Separation%20Script.html,0
909,"http://www.imsdb.com/Movie%20Scripts/Sixth%20Sense,%20The%20Script.html",0
910,http://www.imsdb.com/Movie%20Scripts/Sleepless%20in%20Seattle%20Script.html,0
911,http://www.imsdb.com/Movie%20Scripts/Sleepy%20Hollow%20Script.html,0
912,http://www.imsdb.com/Movie%20Scripts/Sling%20Blade%20Script.html,0
913,http://www.imsdb.com/Movie%20Scripts/Slither%20Script.html,0
914,http://www.imsdb.com/Movie%20Scripts/Slumdog%20Millionaire%20Script.html,0
915,http://www.imsdb.com/Movie%20Scripts/Smashed%20Script.html,0
916,http://www.imsdb.com/Movie%20Scripts/Smokin'%20Aces%20Script.html,0
917,http://www.imsdb.com/Movie%20Scripts/Snatch%20Script.html,0
918,http://www.imsdb.com/Movie%20Scripts/Sneakers%20Script.html,0
919,http://www.imsdb.com/Movie%20Scripts/Snow%20Falling%20On%20Cedars%20Script.html,0
920,http://www.imsdb.com/Movie%20Scripts/Snow%20White%20and%20the%20Huntsman%20Script.html,0
921,http://www.imsdb.com/Movie%20Scripts/So%20I%20Married%20an%20Axe%20Murderer%20Script.html,0
922,http://www.imsdb.com/Movie%20Scripts/Solaris%20Script.html,0
923,http://www.imsdb.com/Movie%20Scripts/Soldier%20Script.html,0
924,http://www.imsdb.com/Movie%20Scripts/Someone%20To%20Watch%20Over%20Me%20Script.html,0
925,http://www.imsdb.com/Movie%20Scripts/Something's%20Gotta%20Give%20Script.html,0
926,http://www.imsdb.com/Movie%20Scripts/Source%20Code%20Script.html,0
927,http://www.imsdb.com/Movie%20Scripts/South%20Park%20Script.html,0
928,http://www.imsdb.com/Movie%20Scripts/Spanglish%20Script.html,0
929,http://www.imsdb.com/Movie%20Scripts/Spare%20Me%20Script.html,0
930,http://www.imsdb.com/Movie%20Scripts/Spartan%20Script.html,0
931,http://www.imsdb.com/Movie%20Scripts/Speed%20Script.html,0
932,http://www.imsdb.com/Movie%20Scripts/Speed%20Racer%20Script.html,0
933,http://www.imsdb.com/Movie%20Scripts/Sphere%20Script.html,0
934,http://www.imsdb.com/Movie%20Scripts/Spider-Man%20Script.html,0
935,http://www.imsdb.com/Movie%20Scripts/St.%20Elmo's%20Fire%20Script.html,0
936,http://www.imsdb.com/Movie%20Scripts/Star%20Trek%20Script.html,0
937,http://www.imsdb.com/Movie%20Scripts/Star%20Trek%20II:%20The%20Wrath%20of%20Khan%20Script.html,0
938,http://www.imsdb.com/Movie%20Scripts/Star%20Trek:%20First%20Contact%20Script.html,0
939,http://www.imsdb.com/Movie%20Scripts/Star%20Trek:%20Generations%20Script.html,0
940,http://www.imsdb.com/Movie%20Scripts/Star%20Trek:%20Nemesis%20Script.html,0
941,http://www.imsdb.com/Movie%20Scripts/Star%20Trek:%20The%20Motion%20Picture%20Script.html,0
942,http://www.imsdb.com/Movie%20Scripts/Star%20Wars:%20A%20New%20Hope%20Script.html,0
943,http://www.imsdb.com/Movie%20Scripts/Star%20Wars:%20Attack%20of%20the%20Clones%20Script.html,0
944,http://www.imsdb.com/Movie%20Scripts/Star%20Wars:%20Return%20of%20the%20Jedi%20Script.html,0
945,http://www.imsdb.com/Movie%20Scripts/Star%20Wars:%20Revenge%20of%20the%20Sith%20Script.html,0
946,http://www.imsdb.com/Movie%20Scripts/Star%20Wars:%20The%20Empire%20Strikes%20Back%20Script.html,0
947,http://www.imsdb.com/Movie%20Scripts/Star%20Wars:%20The%20Phantom%20Menace%20Script.html,0
948,http://www.imsdb.com/Movie%20Scripts/Starman%20Script.html,0
949,http://www.imsdb.com/Movie%20Scripts/Starship%20Troopers%20Script.html,0
950,http://www.imsdb.com/Movie%20Scripts/State%20and%20Main%20Script.html,0
951,http://www.imsdb.com/Movie%20Scripts/Station%20West%20Script.html,0
952,http://www.imsdb.com/Movie%20Scripts/Stepmom%20Script.html,0
953,"http://www.imsdb.com/Movie%20Scripts/Sting,%20The%20Script.html",0
954,http://www.imsdb.com/Movie%20Scripts/Stir%20of%20Echoes%20Script.html,0
955,http://www.imsdb.com/Movie%20Scripts/Storytelling%20Script.html,0
956,http://www.imsdb.com/Movie%20Scripts/Strange%20Days%20Script.html,0
957,http://www.imsdb.com/Movie%20Scripts/Strangers%20on%20a%20Train%20Script.html,0
958,"http://www.imsdb.com/Movie%20Scripts/Stuntman,%20The%20Script.html",0
959,http://www.imsdb.com/Movie%20Scripts/Sugar%20Script.html,0
960,http://www.imsdb.com/Movie%20Scripts/Sugar%20and%20Spice%20Script.html,0
961,http://www.imsdb.com/Movie%20Scripts/Sunset%20Blvd.%20Script.html,0
962,http://www.imsdb.com/Movie%20Scripts/Sunshine%20Cleaning%20Script.html,0
963,http://www.imsdb.com/Movie%20Scripts/Super%208%20Script.html,0
964,http://www.imsdb.com/Movie%20Scripts/Superbad%20Script.html,0
965,http://www.imsdb.com/Movie%20Scripts/Superfights%20Script.html,0
966,http://www.imsdb.com/Movie%20Scripts/Supergirl%20Script.html,0
967,"http://www.imsdb.com/Movie%20Scripts/Surfer%20King,%20The%20Script.html",0
968,http://www.imsdb.com/Movie%20Scripts/Surrogates%20Script.html,0
969,http://www.imsdb.com/Movie%20Scripts/Suspect%20Zero%20Script.html,0
970,http://www.imsdb.com/Movie%20Scripts/Sweeney%20Todd:%20The%20Demon%20Barber%20of%20Fleet%20Street%20Script.html,0
971,"http://www.imsdb.com/Movie%20Scripts/Sweet%20Hereafter,%20The%20Script.html",0
972,http://www.imsdb.com/Movie%20Scripts/Sweet%20Smell%20of%20Success%20Script.html,0
973,http://www.imsdb.com/Movie%20Scripts/Swingers%20Script.html,0
974,http://www.imsdb.com/Movie%20Scripts/Swordfish%20Script.html,0
975,"http://www.imsdb.com/Movie%20Scripts/Synecdoche,%20New%20York%20Script.html",0
976,http://www.imsdb.com/Movie%20Scripts/Syriana%20Script.html,0
977,http://www.imsdb.com/Movie%20Scripts/Taking%20Lives%20Script.html,0
978,"http://www.imsdb.com/Movie%20Scripts/Taking%20of%20Pelham%20One%20Two%20Three,%20The%20Script.html",0
979,http://www.imsdb.com/Movie%20Scripts/Taking%20Sides%20Script.html,0
980,"http://www.imsdb.com/Movie%20Scripts/Talented%20Mr.%20Ripley,%20The%20Script.html",0
981,http://www.imsdb.com/Movie%20Scripts/Tall%20in%20the%20Saddle%20Script.html,0
982,http://www.imsdb.com/Movie%20Scripts/Tamara%20Drewe%20Script.html,0
983,http://www.imsdb.com/Movie%20Scripts/Taxi%20Driver%20Script.html,0
984,http://www.imsdb.com/Movie%20Scripts/Ted%20Script.html,0
985,http://www.imsdb.com/Movie%20Scripts/Terminator%20Script.html,0
986,http://www.imsdb.com/Movie%20Scripts/Terminator%202:%20Judgement%20Day%20Script.html,0
987,http://www.imsdb.com/Movie%20Scripts/Terminator%20Salvation%20Script.html,0
988,http://www.imsdb.com/Movie%20Scripts/The%20Rage:%20Carrie%202%20Script.html,0
989,http://www.imsdb.com/Movie%20Scripts/Thelma%20&%20Louise%20Script.html,0
990,http://www.imsdb.com/Movie%20Scripts/There's%20Something%20About%20Mary%20Script.html,0
991,http://www.imsdb.com/Movie%20Scripts/They%20Script.html,0
992,"http://www.imsdb.com/Movie%20Scripts/Thing,%20The%20Script.html",0
993,"http://www.imsdb.com/Movie%20Scripts/Things%20My%20Father%20Never%20Taught%20Me,%20The%20Script.html",0
994,http://www.imsdb.com/Movie%20Scripts/Thirteen%20Days%20Script.html,0
995,http://www.imsdb.com/Movie%20Scripts/This%20Boy's%20Life%20Script.html,0
996,http://www.imsdb.com/Movie%20Scripts/This%20is%2040%20Script.html,0
997,http://www.imsdb.com/Movie%20Scripts/Thor%20Script.html,0
998,http://www.imsdb.com/Movie%20Scripts/Three%20Kings%20Script.html,0
999,http://www.imsdb.com/Movie%20Scripts/Three%20Kings%20(Spoils%20of%20War)%20Script.html,0
1000,http://www.imsdb.com/Movie%20Scripts/Three%20Men%20and%20a%20Baby%20Script.html,0
1001,"http://www.imsdb.com/Movie%20Scripts/Three%20Musketeers,%20The%20Script.html",0
1002,http://www.imsdb.com/Movie%20Scripts/Thunderheart%20Script.html,0
1003,http://www.imsdb.com/Movie%20Scripts/Ticker%20Script.html,0
1004,http://www.imsdb.com/Movie%20Scripts/Timber%20Falls%20Script.html,0
1005,"http://www.imsdb.com/Movie%20Scripts/Time%20Machine,%20The%20Script.html",0
1006,http://www.imsdb.com/Movie%20Scripts/Tin%20Cup%20Script.html,0
1007,http://www.imsdb.com/Movie%20Scripts/Tin%20Men%20Script.html,0
1008,http://www.imsdb.com/Movie%20Scripts/Tinker%20Tailor%20Soldier%20Spy%20Script.html,0
1009,http://www.imsdb.com/Movie%20Scripts/Titanic%20Script.html,0
1010,http://www.imsdb.com/Movie%20Scripts/TMNT%20Script.html,0
1011,http://www.imsdb.com/Movie%20Scripts/To%20Sleep%20with%20Anger%20Script.html,0
1012,http://www.imsdb.com/Movie%20Scripts/Tombstone%20Script.html,0
1013,http://www.imsdb.com/Movie%20Scripts/Tomorrow%20Never%20Dies%20Script.html,0
1014,http://www.imsdb.com/Movie%20Scripts/Top%20Gun%20Script.html,0
1015,http://www.imsdb.com/Movie%20Scripts/Total%20Recall%20Script.html,0
1016,"http://www.imsdb.com/Movie%20Scripts/Tourist,%20The%20Script.html",0
1017,http://www.imsdb.com/Movie%20Scripts/Toy%20Story%20Script.html,0
1018,http://www.imsdb.com/Movie%20Scripts/Traffic%20Script.html,0
1019,http://www.imsdb.com/Movie%20Scripts/Training%20Day%20Script.html,0
1020,http://www.imsdb.com/Movie%20Scripts/Trainspotting%20Script.html,0
1021,http://www.imsdb.com/Movie%20Scripts/Transformers:%20The%20Movie%20Script.html,0
1022,http://www.imsdb.com/Movie%20Scripts/Tremors%20Script.html,0
1023,http://www.imsdb.com/Movie%20Scripts/Tristan%20and%20Isolde%20Script.html,0
1024,http://www.imsdb.com/Movie%20Scripts/TRON%20Script.html,0
1025,http://www.imsdb.com/Movie%20Scripts/TRON:%20Legacy%20Script.html,0
1026,http://www.imsdb.com/Movie%20Scripts/Tropic%20Thunder%20Script.html,0
1027,http://www.imsdb.com/Movie%20Scripts/Troy%20Script.html,0
1028,http://www.imsdb.com/Movie%20Scripts/True%20Grit%20Script.html,0
1029,http://www.imsdb.com/Movie%20Scripts/True%20Lies%20Script.html,0
1030,http://www.imsdb.com/Movie%20Scripts/True%20Romance%20Script.html,0
1031,"http://www.imsdb.com/Movie%20Scripts/Truman%20Show,%20The%20Script.html",0
1032,http://www.imsdb.com/Movie%20Scripts/Twilight%20Script.html,0
1033,http://www.imsdb.com/Movie%20Scripts/Twilight:%20New%20Moon%20Script.html,0
1034,http://www.imsdb.com/Movie%20Scripts/Twin%20Peaks%20Script.html,0
1035,http://www.imsdb.com/Movie%20Scripts/Twins%20Script.html,0
1036,http://www.imsdb.com/Movie%20Scripts/Two%20For%20The%20Money%20Script.html,0
1037,http://www.imsdb.com/Movie%20Scripts/U%20Turn%20Script.html,0
1038,"http://www.imsdb.com/Movie%20Scripts/Ugly%20Truth,%20The%20Script.html",0
1039,http://www.imsdb.com/Movie%20Scripts/Unbreakable%20Script.html,0
1040,http://www.imsdb.com/Movie%20Scripts/Under%20Fire%20Script.html,0
1041,http://www.imsdb.com/Movie%20Scripts/Unforgiven%20Script.html,0
1042,http://www.imsdb.com/Movie%20Scripts/Unknown%20Script.html,0
1043,http://www.imsdb.com/Movie%20Scripts/Up%20Script.html,0
1044,http://www.imsdb.com/Movie%20Scripts/Up%20in%20the%20Air%20Script.html,0
1045,"http://www.imsdb.com/Movie%20Scripts/Usual%20Suspects,%20The%20Script.html",0
1046,http://www.imsdb.com/Movie%20Scripts/V%20for%20Vendetta%20Script.html,0
1047,http://www.imsdb.com/Movie%20Scripts/Valentine's%20Day%20Script.html,0
1048,http://www.imsdb.com/Movie%20Scripts/Valkyrie%20Script.html,0
1049,http://www.imsdb.com/Movie%20Scripts/Vanilla%20Sky%20Script.html,0
1050,"http://www.imsdb.com/Movie%20Scripts/Verdict,%20The%20Script.html",0
1051,http://www.imsdb.com/Movie%20Scripts/Vertigo%20Script.html,0
1052,http://www.imsdb.com/Movie%20Scripts/Very%20Bad%20Things%20Script.html,0
1053,"http://www.imsdb.com/Movie%20Scripts/Village,%20The%20Script.html",0
1054,http://www.imsdb.com/Movie%20Scripts/Virtuosity%20Script.html,0
1055,"http://www.imsdb.com/Movie%20Scripts/Visitor,%20The%20Script.html",0
1056,http://www.imsdb.com/Movie%20Scripts/Wag%20the%20Dog%20Script.html,0
1057,"http://www.imsdb.com/Movie%20Scripts/Walk%20to%20Remember,%20A%20Script.html",0
1058,http://www.imsdb.com/Movie%20Scripts/Walking%20Tall%20Script.html,0
1059,http://www.imsdb.com/Movie%20Scripts/Wall%20Street%20Script.html,0
1060,http://www.imsdb.com/Movie%20Scripts/Wall-E%20Script.html,0
1061,http://www.imsdb.com/Movie%20Scripts/Wanted%20Script.html,0
1062,http://www.imsdb.com/Movie%20Scripts/War%20Horse%20Script.html,0
1063,http://www.imsdb.com/Movie%20Scripts/War%20of%20the%20Worlds%20Script.html,0
1064,http://www.imsdb.com/Movie%20Scripts/Warm%20Springs%20Script.html,0
1065,http://www.imsdb.com/Movie%20Scripts/Warrior%20Script.html,0
1066,http://www.imsdb.com/Movie%20Scripts/Watchmen%20Script.html,0
1067,http://www.imsdb.com/Movie%20Scripts/Water%20for%20Elephants%20Script.html,0
1068,"http://www.imsdb.com/Movie%20Scripts/Way%20Back,%20The%20Script.html",0
1069,http://www.imsdb.com/Movie%20Scripts/We%20Own%20the%20Night%20Script.html,0
1070,http://www.imsdb.com/Movie%20Scripts/What%20About%20Bob?%20Script.html,0
1071,http://www.imsdb.com/Movie%20Scripts/What%20Lies%20Beneath%20Script.html,0
1072,http://www.imsdb.com/Movie%20Scripts/When%20a%20Stranger%20Calls%20Script.html,0
1073,http://www.imsdb.com/Movie%20Scripts/When%20Harry%20Met%20Sally%20Script.html,0
1074,http://www.imsdb.com/Movie%20Scripts/While%20She%20Was%20Out%20Script.html,0
1075,"http://www.imsdb.com/Movie%20Scripts/Whistleblower,%20The%20Script.html",0
1076,http://www.imsdb.com/Movie%20Scripts/White%20Christmas%20Script.html,0
1077,http://www.imsdb.com/Movie%20Scripts/White%20Jazz%20Script.html,0
1078,"http://www.imsdb.com/Movie%20Scripts/White%20Ribbon,%20The%20Script.html",0
1079,http://www.imsdb.com/Movie%20Scripts/White%20Squall%20Script.html,0
1080,http://www.imsdb.com/Movie%20Scripts/Whiteout%20Script.html,0
1081,http://www.imsdb.com/Movie%20Scripts/Who%20Framed%20Roger%20Rabbit?%20Script.html,0
1082,http://www.imsdb.com/Movie%20Scripts/Who's%20Your%20Daddy%20Script.html,0
1083,http://www.imsdb.com/Movie%20Scripts/Wild%20At%20Heart%20Script.html,0
1084,"http://www.imsdb.com/Movie%20Scripts/Wild%20Bunch,%20The%20Script.html",0
1085,http://www.imsdb.com/Movie%20Scripts/Wild%20Hogs%20Script.html,0
1086,http://www.imsdb.com/Movie%20Scripts/Wild%20Things%20Script.html,0
1087,http://www.imsdb.com/Movie%20Scripts/Wild%20Things:%20Diamonds%20in%20the%20Rough%20Script.html,0
1088,http://www.imsdb.com/Movie%20Scripts/Wild%20Wild%20West%20Script.html,0
1089,http://www.imsdb.com/Movie%20Scripts/Willow%20Script.html,0
1090,http://www.imsdb.com/Movie%20Scripts/Win%20Win%20Script.html,0
1091,http://www.imsdb.com/Movie%20Scripts/Wind%20Chill%20Script.html,0
1092,http://www.imsdb.com/Movie%20Scripts/Withnail%20and%20I%20Script.html,0
1093,http://www.imsdb.com/Movie%20Scripts/Witness%20Script.html,0
1094,"http://www.imsdb.com/Movie%20Scripts/Wizard%20of%20Oz,%20The%20Script.html",0
1095,http://www.imsdb.com/Movie%20Scripts/Wonder%20Boys%20Script.html,0
1096,"http://www.imsdb.com/Movie%20Scripts/Woodsman,%20The%20Script.html",0
1097,"http://www.imsdb.com/Movie%20Scripts/World%20is%20not%20Enough,%20The%20Script.html",0
1098,"http://www.imsdb.com/Movie%20Scripts/Wrestler,%20The%20Script.html",0
1099,"http://www.imsdb.com/Movie%20Scripts/X-Files:%20Fight%20the%20Future,%20The%20Script.html",0
1100,http://www.imsdb.com/Movie%20Scripts/X-Men%20Script.html,0
1101,http://www.imsdb.com/Movie%20Scripts/X-Men%20Origins:%20Wolverine%20Script.html,0
1102,http://www.imsdb.com/Movie%20Scripts/xXx%20Script.html,0
1103,http://www.imsdb.com/Movie%20Scripts/Year%20One%20Script.html,0
1104,http://www.imsdb.com/Movie%20Scripts/Yes%20Man%20Script.html,0
1105,http://www.imsdb.com/Movie%20Scripts/You%20Can%20Count%20On%20Me%20Script.html,0
1106,http://www.imsdb.com/Movie%20Scripts/You've%20Got%20Mail%20Script.html,0
1107,http://www.imsdb.com/Movie%20Scripts/Youth%20in%20Revolt%20Script.html,0
1108,http://www.imsdb.com/Movie%20Scripts/Zero%20Dark%20Thirty%20Script.html,0
1109,http://www.imsdb.com/Movie%20Scripts/Zerophilia%20Script.html,0
