Script_id,Script_Title,Movie_Release_Date,Script_Date,Raw_Script_URL
1,10 Things I Hate About You,,Nov-97,http://www.imsdb.com//scripts/10-Things-I-Hate-About-You.html
592,Land of the Dead,Jun-05,Aug-04,http://www.imsdb.com//scripts/Land-of-the-Dead.html
636,Lost Highway,,Jun-95,http://www.imsdb.com//scripts/Lost-Highway.html
449,"Green Mile, The",,Nov-97,"http://www.imsdb.com//scripts/Green-Mile,-The.html"
444,"Graduate, The",,Mar-67,"http://www.imsdb.com//scripts/Graduate,-The.html"
99,Austin Powers - International Man of Mystery,,Jul-96,http://www.imsdb.com//scripts/Austin-Powers---International-Man-of-Mystery.html
873,Scream 2,,1997,http://www.imsdb.com//scripts/Scream-2.html
138,Beavis and Butt-head Do America,,,http://www.imsdb.com//scripts/Beavis-and-Butt-head-Do-America.html
778,Pet Sematary,,1986,http://www.imsdb.com//scripts/Pet-Sematary.html
697,Mission Impossible II,,Dec-94,http://www.imsdb.com//scripts/Mission-Impossible-II.html
752,Ocean's Twelve,Dec-04,,http://www.imsdb.com//scripts/Ocean's-Twelve.html
457,Hall Pass,Feb-11,Sep-09,http://www.imsdb.com//scripts/Hall-Pass.html
515,I Am Number Four,Feb-11,Jan-10,http://www.imsdb.com//scripts/I-Am-Number-Four.html
899,Shrek the Third,May-07,,http://www.imsdb.com//scripts/Shrek-the-Third.html
844,"Road, The",Nov-09,,"http://www.imsdb.com//scripts/Road,-The.html"
628,"Long Kiss Goodnight, The",,1996,"http://www.imsdb.com//scripts/Long-Kiss-Goodnight,-The.html"
404,Frozen,Feb-10,Jan-09,http://www.imsdb.com//scripts/Frozen.html
93,Arthur,Apr-11,Oct-09,http://www.imsdb.com//scripts/Arthur.html
324,Drag Me to Hell,May-09,Sep-07,http://www.imsdb.com//scripts/Drag-Me-to-Hell.html
909,"Sixth Sense, The",,,"http://www.imsdb.com//scripts/Sixth-Sense,-The.html"
790,"Planet of the Apes, The",,,"http://www.imsdb.com//scripts/Planet-of-the-Apes,-The.html"
188,Braveheart,,1995,http://www.imsdb.com//scripts/Braveheart.html
913,Slither,Mar-06,Sep-04,http://www.imsdb.com//scripts/Slither.html
988,The Rage: Carrie 2,Mar-99,Feb-98,http://www.imsdb.com//scripts/The-Rage-Carrie-2.html
673,Mean Streets,Oct-73,,http://www.imsdb.com//scripts/Mean-Streets.html
454,Groundhog Day,Feb-93,Jan-92,http://www.imsdb.com//scripts/Groundhog-Day.html
967,"Surfer King, The",Jan-06,Apr-04,"http://www.imsdb.com//scripts/Surfer-King,-The.html"
616,"Limey, The",,Aug-98,"http://www.imsdb.com//scripts/Limey,-The.html"
305,"Departed, The",Oct-06,,"http://www.imsdb.com//scripts/Departed,-The.html"
766,Panic Room,,Feb-00,http://www.imsdb.com//scripts/Panic-Room.html
806,"Program, The",Sep-93,Nov-92,"http://www.imsdb.com//scripts/Program,-The.html"
52,Alone in the Dark,Jan-05,,http://www.imsdb.com//scripts/Alone-in-the-Dark.html
1089,Willow,,,http://www.imsdb.com//scripts/Willow.html
724,Natural Born Killers,,May-95,http://www.imsdb.com//scripts/Natural-Born-Killers.html
7,15 Minutes,,,http://www.imsdb.com//scripts/15-Minutes.html
788,Pirates of the Caribbean: Dead Man's Chest,Jul-06,Aug-06,http://www.imsdb.com//scripts/Pirates-of-the-Caribbean-Dead-Man's-Chest.html
750,Obsessed,Apr-09,Oct-07,http://www.imsdb.com//scripts/Obsessed.html
233,Chronicle,Feb-12,,http://www.imsdb.com//scripts/Chronicle.html
743,"Ninth Gate, The",,1999,"http://www.imsdb.com//scripts/Ninth-Gate,-The.html"
910,Sleepless in Seattle,,May-92,http://www.imsdb.com//scripts/Sleepless-in-Seattle.html
842,Rise of the Planet of the Apes,Aug-11,Jan-10,http://www.imsdb.com//scripts/Rise-of-the-Planet-of-the-Apes.html
741,Ninja Assassin,Nov-09,Jun-08,http://www.imsdb.com//scripts/Ninja-Assassin.html
721,Mystery Men,,Jun-97,http://www.imsdb.com//scripts/Mystery-Men.html
960,Sugar and Spice,,,http://www.imsdb.com//scripts/Sugar-and-Spice.html
414,Gandhi,Dec-82,,http://www.imsdb.com//scripts/Gandhi.html
248,Cold Mountain,Dec-03,,http://www.imsdb.com//scripts/Cold-Mountain.html
1096,"Woodsman, The",Dec-04,Jul-02,"http://www.imsdb.com//scripts/Woodsman,-The.html"
652,Man on the Moon,,1999,http://www.imsdb.com//scripts/Man-on-the-Moon.html
857,Rush Hour,,,http://www.imsdb.com//scripts/Rush-Hour.html
172,Body of Evidence,,,http://www.imsdb.com//scripts/Body-of-Evidence.html
680,Men in Black 3,May-12,,http://www.imsdb.com//scripts/Men-in-Black-3.html
698,Mission to Mars,Mar-00,,http://www.imsdb.com//scripts/Mission-to-Mars.html
443,Gothika,Nov-03,Dec-02,http://www.imsdb.com//scripts/Gothika.html
1045,"Usual Suspects, The",,May-94,"http://www.imsdb.com//scripts/Usual-Suspects,-The.html"
554,Jade,,May-94,http://www.imsdb.com//scripts/Jade.pdf
178,"Book of Eli, The",Jan-10,Jun-07,"http://www.imsdb.com//scripts/Book-of-Eli,-The.html"
323,Double Indemnity,Sep-44,,http://www.imsdb.com//scripts/Double-Indemnity.html
165,Blood Simple,,,http://www.imsdb.com//scripts/Blood-Simple.html
597,"Last of the Mohicans, The",Sep-92,,"http://www.imsdb.com//scripts/Last-of-the-Mohicans,-The.html"
183,"Bounty Hunter, The",Mar-10,Sep-07,"http://www.imsdb.com//scripts/Bounty-Hunter,-The.html"
915,Smashed,Oct-12,Sep-11,http://www.imsdb.com//scripts/Smashed.html
580,"King's Speech, The",Dec-10,,"http://www.imsdb.com//scripts/King's-Speech,-The.html"
163,"Blind Side, The",Nov-09,Apr-09,"http://www.imsdb.com//scripts/Blind-Side,-The.html"
1044,Up in the Air,Dec-09,,http://www.imsdb.com//scripts/Up-in-the-Air.html
679,Men in Black,,1997,http://www.imsdb.com//scripts/Men-in-Black.html
911,Sleepy Hollow,,Sep-98,http://www.imsdb.com//scripts/Sleepy-Hollow.html
231,Cherry Falls,Aug-00,Feb-98,http://www.imsdb.com//scripts/Cherry-Falls.html
92,Arsenic and Old Lace,Sep-44,,http://www.imsdb.com//scripts/Arsenic-and-Old-Lace.html
101,Autumn in New York,Aug-00,,http://www.imsdb.com//scripts/Autumn-in-New-York.html
780,Petulia,Jun-68,Mar-67,http://www.imsdb.com//scripts/Petulia.html
496,Highlander: Endgame,,Sep-99,http://www.imsdb.com//scripts/Highlander-Endgame.html
73,Angel Eyes,,Oct-99,http://www.imsdb.com//scripts/Angel-Eyes.html
946,Star Wars: The Empire Strikes Back,May-80,,http://www.imsdb.com//scripts/Star-Wars-The-Empire-Strikes-Back.html
991,They,,,http://www.imsdb.com//scripts/They.html
196,Broadcast News,,,http://www.imsdb.com//scripts/Broadcast-News.html
1037,U Turn,,,http://www.imsdb.com//scripts/U-Turn.html
490,"Help, The",Aug-11,Nov-09,"http://www.imsdb.com//scripts/Help,-The.html"
236,"Cincinnati Kid, The",Oct-65,,"http://www.imsdb.com//scripts/Cincinnati-Kid,-The.html"
644,Made,,,http://www.imsdb.com//scripts/Made.html
808,Prometheus,Jun-12,,http://www.imsdb.com//scripts/Prometheus.html
332,Dune,,Dec-83,http://www.imsdb.com//scripts/Dune.html
61,American Pie,,Jul-98,http://www.imsdb.com//scripts/American-Pie.html
390,Four Rooms,Dec-95,,http://www.imsdb.com//scripts/Four-Rooms.html
220,Cedar Rapids,Feb-11,Jun-09,http://www.imsdb.com//scripts/Cedar-Rapids.html
968,Surrogates,Sep-09,Oct-07,http://www.imsdb.com//scripts/Surrogates.html
272,"Crouching Tiger, Hidden Dragon",,,"http://www.imsdb.com//scripts/Crouching-Tiger,-Hidden-Dragon.html"
1093,Witness,,,http://www.imsdb.com//scripts/Witness.html
1080,Whiteout,Sep-09,Dec-06,http://www.imsdb.com//scripts/Whiteout.html
689,Miller's Crossing,,,http://www.imsdb.com//scripts/Miller's-Crossing.html
1073,When Harry Met Sally,,,http://www.imsdb.com//scripts/When-Harry-Met-Sally.pdf
36,Air Force One,,,http://www.imsdb.com//scripts/Air-Force-One.html
530,Indiana Jones and the Temple of Doom,,1984,http://www.imsdb.com//scripts/Indiana-Jones-and-the-Temple-of-Doom.html
672,Max Payne,Oct-08,Aug-07,http://www.imsdb.com//scripts/Max-Payne.html
1084,"Wild Bunch, The",Jun-69,Feb-68,"http://www.imsdb.com//scripts/Wild-Bunch,-The.html"
667,Master and Commander,Nov-03,,http://www.imsdb.com//scripts/Master-and-Commander.html
122,Barton Fink,,,http://www.imsdb.com//scripts/Barton-Fink.html
856,Runaway Bride,,1999,http://www.imsdb.com//scripts/Runaway-Bride.html
12,25th Hour,,Apr-01,http://www.imsdb.com//scripts/25th-Hour.html
944,Star Wars: Return of the Jedi,,Dec-81,http://www.imsdb.com//scripts/Star-Wars-Return-of-the-Jedi.html
112,Backdraft,,1991,http://www.imsdb.com//scripts/Backdraft.html
164,Blood and Wine,Feb-97,Dec-94,http://www.imsdb.com//scripts/Blood-and-Wine.html
398,Friday the 13th,,,http://www.imsdb.com//scripts/Friday-the-13th.html
1013,Tomorrow Never Dies,,1997,http://www.imsdb.com//scripts/Tomorrow-Never-Dies.html
126,Batman,,Oct-88,http://www.imsdb.com//scripts/Batman.html
245,Clueless,,1995,http://www.imsdb.com//scripts/Clueless.html
345,Enemy of the State,,1998,http://www.imsdb.com//scripts/Enemy-of-the-State.html
46,Aliens,,May-85,http://www.imsdb.com//scripts/Aliens.html
151,"Big White, The",Dec-05,Mar-04,"http://www.imsdb.com//scripts/Big-White,-The.html"
89,Argo,Oct-12,,http://www.imsdb.com//scripts/Argo.html
242,Clerks,,,http://www.imsdb.com//scripts/Clerks.html
599,"Last Station, The",Dec-09,,"http://www.imsdb.com//scripts/Last-Station,-The.html"
87,Arcade,,Nov-90,http://www.imsdb.com//scripts/Arcade.html
162,"Blast from the Past, The",,,"http://www.imsdb.com//scripts/Blast-from-the-Past,-The.html"
959,Sugar,Apr-09,,http://www.imsdb.com//scripts/Sugar.html
384,Flash Gordon,Dec-80,Mar-79,http://www.imsdb.com//scripts/Flash-Gordon.html
926,Source Code,Apr-11,Jan-07,http://www.imsdb.com//scripts/Source-Code.html
650,Man in the Iron Mask,,Sep-95,http://www.imsdb.com//scripts/Man-in-the-Iron-Mask.html
64,American Shaolin: King of Kickboxers II,,,http://www.imsdb.com//scripts/American-Shaolin-King-of-Kickboxers-II.html
291,Dawn of the Dead,,1977,http://www.imsdb.com//scripts/Dawn-of-the-Dead.html
653,Man Trouble,,Apr-91,http://www.imsdb.com//scripts/Man-Trouble.html
486,Hellraiser,,Nov-86,http://www.imsdb.com//scripts/Hellraiser.html
681,"Men Who Stare at Goats, The",Nov-09,Oct-08,"http://www.imsdb.com//scripts/Men-Who-Stare-at-Goats,-The.html"
13,30 Minutes or Less,Aug-11,Dec-09,http://www.imsdb.com//scripts/30-Minutes-or-Less.html
132,"Battle of Algiers, The",,,"http://www.imsdb.com//scripts/Battle-of-Algiers,-The.html"
298,Death to Smoochy,,Mar-97,http://www.imsdb.com//scripts/Death-to-Smoochy.html
1100,X-Men,,Feb-99,http://www.imsdb.com//scripts/X-Men.html
287,Dark Star,,,http://www.imsdb.com//scripts/Dark-Star.html
771,Paul,Mar-11,,http://www.imsdb.com//scripts/Paul.html
127,Batman 2,,,http://www.imsdb.com//scripts/Batman-2.html
633,Lord of the Rings: The Two Towers,Dec-02,,http://www.imsdb.com//scripts/Lord-of-the-Rings-The-Two-Towers.html
5,127 Hours,Nov-10,,http://www.imsdb.com//scripts/127-Hours.html
691,Mini's First Time,Jun-06,,http://www.imsdb.com//scripts/Mini's-First-Time.html
600,Last Tango in Paris,Feb-73,,http://www.imsdb.com//scripts/Last-Tango-in-Paris.html
935,St. Elmo's Fire,Jun-85,Sep-84,http://www.imsdb.com//scripts/St.-Elmo's-Fire.html
930,Spartan,,Feb-02,http://www.imsdb.com//scripts/Spartan.html
1002,Thunderheart,Apr-92,Oct-90,http://www.imsdb.com//scripts/Thunderheart.html
879,Serenity,Sep-05,Apr-04,http://www.imsdb.com//scripts/Serenity.html
843,RKO 281,Nov-99,May-97,http://www.imsdb.com//scripts/RKO-281.html
549,It's Complicated,Dec-09,,http://www.imsdb.com//scripts/It's-Complicated.html
504,"Horse Whisperer, The",,Jan-97,"http://www.imsdb.com//scripts/Horse-Whisperer,-The.html"
362,Extract,Sep-09,Mar-08,http://www.imsdb.com//scripts/Extract.html
182,Bound,Oct-96,,http://www.imsdb.com//scripts/Bound.html
1043,Up,May-09,,http://www.imsdb.com//scripts/Up.html
207,"Butterfly Effect, The",Jan-04,,"http://www.imsdb.com//scripts/Butterfly-Effect,-The.html"
826,Rear Window,,Dec-53,http://www.imsdb.com//scripts/Rear-Window.html
1109,Zerophilia,Oct-06,Mar-04,http://www.imsdb.com//scripts/Zerophilia.html
391,Fracture,Apr-07,Jan-05,http://www.imsdb.com//scripts/Fracture.html
58,American History X,,Feb-97,http://www.imsdb.com//scripts/American-History-X.html
312,Die Hard 2,Jul-90,Nov-89,http://www.imsdb.com//scripts/Die-Hard-2.html
692,Minority Report,,May-01,http://www.imsdb.com//scripts/Minority-Report.html
581,"Kingdom, The",Sep-07,Aug-06,"http://www.imsdb.com//scripts/Kingdom,-The.html"
56,American Gangster,Nov-07,Jul-06,http://www.imsdb.com//scripts/American-Gangster.html
67,"American, The",Sep-10,May-09,"http://www.imsdb.com//scripts/American,-The.html"
173,Bodyguard,,Feb-92,http://www.imsdb.com//scripts/Bodyguard.html
883,Sex and the City,May-08,,http://www.imsdb.com//scripts/Sex-and-the-City.html
462,Hannah and Her Sisters,,,http://www.imsdb.com//scripts/Hannah-and-Her-Sisters.html
11,2012,Nov-09,Feb-08,http://www.imsdb.com//scripts/2012.html
715,"Mummy, The",,1999,"http://www.imsdb.com//scripts/Mummy,-The.html"
1012,Tombstone,,Mar-93,http://www.imsdb.com//scripts/Tombstone.html
602,Leaving Las Vegas,,Sep-94,http://www.imsdb.com//scripts/Leaving-Las-Vegas.html
107,Bachelor Party,Jun-04,,http://www.imsdb.com//scripts/Bachelor-Party.html
630,Lord of Illusions,,Feb-94,http://www.imsdb.com//scripts/Lord-of-Illusions.html
21,A Few Good Men,Dec-92,Jul-91,http://www.imsdb.com//scripts/A-Few-Good-Men.html
567,Juno,Dec-07,Feb-07,http://www.imsdb.com//scripts/Juno.html
684,Midnight Cowboy,,1969,http://www.imsdb.com//scripts/Midnight-Cowboy.html
1023,Tristan and Isolde,Jan-06,,http://www.imsdb.com//scripts/Tristan-and-Isolde.html
998,Three Kings,,Jun-98,http://www.imsdb.com//scripts/Three-Kings.html
484,Hellboy,Apr-04,Jun-03,http://www.imsdb.com//scripts/Hellboy.html
1030,True Romance,,,http://www.imsdb.com//scripts/True-Romance.html
819,Rachel Getting Married,,,http://www.imsdb.com//scripts/Rachel-Getting-Married.html
133,"Battle of Shaker Heights, The",Aug-03,,"http://www.imsdb.com//scripts/Battle-of-Shaker-Heights,-The.html"
306,"Descendants, The",Dec-11,,"http://www.imsdb.com//scripts/Descendants,-The.html"
277,Cruel Intentions,,Feb-98,http://www.imsdb.com//scripts/Cruel-Intentions.html
228,Charlie's Angels,,Aug-99,http://www.imsdb.com//scripts/Charlie's-Angels.html
814,Punch-Drunk Love,,,http://www.imsdb.com//scripts/Punch-Drunk-Love.html
215,Casino,,,http://www.imsdb.com//scripts/Casino.html
206,Burning Annie,Feb-07,Jan-02,http://www.imsdb.com//scripts/Burning-Annie.html
1026,Tropic Thunder,Aug-08,,http://www.imsdb.com//scripts/Tropic-Thunder.html
789,Pitch Black,,Mar-98,http://www.imsdb.com//scripts/Pitch-Black.html
555,Jane Eyre,Mar-11,Mar-08,http://www.imsdb.com//scripts/Jane-Eyre.html
928,Spanglish,Dec-04,,http://www.imsdb.com//scripts/Spanglish.html
313,Diner,Mar-82,,http://www.imsdb.com//scripts/Diner.html
94,"Artist, The",Jan-12,,"http://www.imsdb.com//scripts/Artist,-The.html"
989,Thelma & Louise,,Jun-90,http://www.imsdb.com//scripts/Thelma-&-Louise.html
307,Despicable Me 2,Jul-13,,http://www.imsdb.com//scripts/Despicable-Me-2.html
622,"Little Mermaid, The",,1989,"http://www.imsdb.com//scripts/Little-Mermaid,-The.html"
858,Rush Hour 2,,,http://www.imsdb.com//scripts/Rush-Hour-2.html
1052,Very Bad Things,,Sep-97,http://www.imsdb.com//scripts/Very-Bad-Things.html
25,Absolute Power,,May-96,http://www.imsdb.com//scripts/Absolute-Power.html
260,Copycat,,,http://www.imsdb.com//scripts/Copycat.html
933,Sphere,,,http://www.imsdb.com//scripts/Sphere.html
553,Jacob's Ladder,,,http://www.imsdb.com//scripts/Jacob's-Ladder.html
510,How to Lose Friends & Alienate People,Oct-08,Sep-07,http://www.imsdb.com//scripts/How-to-Lose-Friends-&-Alienate-People.html
35,Agnes of God,,,http://www.imsdb.com//scripts/Agnes-of-God.html
744,No Strings Attached,Jan-11,,http://www.imsdb.com//scripts/No-Strings-Attached.html
590,"Ladykillers, The",Mar-04,,"http://www.imsdb.com//scripts/Ladykillers,-The.html"
200,Bruce Almighty,,Jul-02,http://www.imsdb.com//scripts/Bruce-Almighty.html
740,"Nines, The",Aug-07,Nov-06,"http://www.imsdb.com//scripts/Nines,-The.html"
685,Midnight Express,Oct-78,Jun-77,http://www.imsdb.com//scripts/Midnight-Express.html
936,Star Trek,May-09,Nov-07,http://www.imsdb.com//scripts/Star-Trek.html
583,Klute,,,http://www.imsdb.com//scripts/Klute.html
572,Kalifornia,,,http://www.imsdb.com//scripts/Kalifornia.html
450,Gremlins,Jun-84,Apr-82,http://www.imsdb.com//scripts/Gremlins.html
278,Crying Game,,,http://www.imsdb.com//scripts/Crying-Game.html
136,Bean,,,http://www.imsdb.com//scripts/Bean.html
402,From Dusk Till Dawn,,,http://www.imsdb.com//scripts/From-Dusk-Till-Dawn.html
269,Crazylove,Oct-05,Mar-04,http://www.imsdb.com//scripts/Crazylove.html
531,Indiana Jones IV,,Feb-95,http://www.imsdb.com//scripts/Indiana-Jones-IV.html
916,Smokin' Aces,Jan-07,Apr-05,http://www.imsdb.com//scripts/Smokin'-Aces.html
869,Scary Movie 2,,,http://www.imsdb.com//scripts/Scary-Movie-2.html
495,Highlander,,1986,http://www.imsdb.com//scripts/Highlander.html
54,Amelia,Oct-09,Sep-07,http://www.imsdb.com//scripts/Amelia.html
493,Hesher,May-11,Jul-08,http://www.imsdb.com//scripts/Hesher.html
331,Dumb and Dumber,,Nov-93,http://www.imsdb.com//scripts/Dumb-and-Dumber.html
203,Buried,Sep-10,,http://www.imsdb.com//scripts/Buried.html
8,17 Again,Apr-09,Oct-07,http://www.imsdb.com//scripts/17-Again.html
225,Changeling,Oct-08,,http://www.imsdb.com//scripts/Changeling.html
480,Heavy Metal,,Jul-80,http://www.imsdb.com//scripts/Heavy-Metal.html
738,Nightmare on Elm Street: The Final Chapter,,,http://www.imsdb.com//scripts/Nightmare-on-Elm-Street-The-Final-Chapter.html
969,Suspect Zero,Aug-04,Nov-01,http://www.imsdb.com//scripts/Suspect-Zero.html
31,"Adventures of Buckaroo Banzai Across the Eighth Dimension, The",,Mar-83,"http://www.imsdb.com//scripts/Adventures-of-Buckaroo-Banzai-Across-the-Eighth-Dimension,-The.html"
629,Looper,Sep-12,,http://www.imsdb.com//scripts/Looper.html
746,Nurse Betty,,Mar-99,http://www.imsdb.com//scripts/Nurse-Betty.html
445,Gran Torino,Jan-09,,http://www.imsdb.com//scripts/Gran-Torino.html
285,"Dark Knight Rises, The",Jul-12,,"http://www.imsdb.com//scripts/Dark-Knight-Rises,-The.html"
4,12 Monkeys,,Jun-94,http://www.imsdb.com//scripts/12-Monkeys.html
730,Next Friday,,,http://www.imsdb.com//scripts/Next-Friday.html
373,Fear and Loathing in Las Vegas,,,http://www.imsdb.com//scripts/Fear-and-Loathing-in-Las-Vegas.html
999,Three Kings (Spoils of War),,Jul-95,http://www.imsdb.com//scripts/Three-Kings-(Spoils-of-War).html
1086,Wild Things,,Jan-97,http://www.imsdb.com//scripts/Wild-Things.html
797,"Power of One, The",,Feb-90,"http://www.imsdb.com//scripts/Power-of-One,-The.html"
625,"Lock, Stock and Two Smoking Barrels",,1998,"http://www.imsdb.com//scripts/Lock,-Stock-and-Two-Smoking-Barrels.html"
905,Silver Linings Playbook,Dec-12,,http://www.imsdb.com//scripts/Silver-Linings-Playbook.html
86,Arbitrage,Sep-12,Apr-11,http://www.imsdb.com//scripts/Arbitrage.html
612,Life As A House,,,http://www.imsdb.com//scripts/Life-As-A-House.html
192,"Breakfast Club, The",,,"http://www.imsdb.com//scripts/Breakfast-Club,-The.html"
838,Return of the Apes,,,http://www.imsdb.com//scripts/Return-of-the-Apes.html
675,Meet Joe Black,,1998,http://www.imsdb.com//scripts/Meet-Joe-Black.html
914,Slumdog Millionaire,Jan-09,Nov-07,http://www.imsdb.com//scripts/Slumdog-Millionaire.html
335,Eastern Promises,Sep-07,,http://www.imsdb.com//scripts/Eastern-Promises.html
663,Martha Marcy May Marlene,Oct-11,,http://www.imsdb.com//scripts/Martha-Marcy-May-Marlene.html
201,Buffy the Vampire Slayer,,,http://www.imsdb.com//scripts/Buffy-the-Vampire-Slayer.html
179,Boondock Saints 2: All Saints Day,Nov-09,Sep-07,http://www.imsdb.com//scripts/Boondock-Saints-2-All-Saints-Day.html
506,Hostage,Mar-05,Mar-02,http://www.imsdb.com//scripts/Hostage.html
110,Back to the Future II & III,,Feb-89,http://www.imsdb.com//scripts/Back-to-the-Future-II-&-III.pdf
380,Final Destination,,Jan-99,http://www.imsdb.com//scripts/Final-Destination.html
159,Blade II,,,http://www.imsdb.com//scripts/Blade-II.html
48,All About Steve,Sep-09,Nov-06,http://www.imsdb.com//scripts/All-About-Steve.html
701,Monster's Ball,,Jun-01,http://www.imsdb.com//scripts/Monster's-Ball.pdf
392,Frances,Dec-82,,http://www.imsdb.com//scripts/Frances.html
864,"Sandlot Kids, The",Apr-93,Jun-92,"http://www.imsdb.com//scripts/Sandlot-Kids,-The.html"
853,"Roommate, The",Feb-11,Apr-09,"http://www.imsdb.com//scripts/Roommate,-The.html"
1062,War Horse,Dec-11,,http://www.imsdb.com//scripts/War-Horse.html
295,Days of Heaven,,Jun-76,http://www.imsdb.com//scripts/Days-of-Heaven.html
739,Nine,Dec-09,Nov-09,http://www.imsdb.com//scripts/Nine.html
828,Red Planet,,,http://www.imsdb.com//scripts/Red-Planet.html
239,Citizen Kane,,,http://www.imsdb.com//scripts/Citizen-Kane.html
408,Funny People,Jul-09,Apr-08,http://www.imsdb.com//scripts/Funny-People.html
833,"Replacements, The",,Feb-99,"http://www.imsdb.com//scripts/Replacements,-The.html"
635,"Losers, The",Apr-10,Feb-07,"http://www.imsdb.com//scripts/Losers,-The.html"
791,Platinum Blonde,Oct-31,,http://www.imsdb.com//scripts/Platinum-Blonde.html
845,Robin Hood: Prince of Thieves,,Jul-90,http://www.imsdb.com//scripts/Robin-Hood-Prince-of-Thieves.html
924,Someone To Watch Over Me,,Dec-86,http://www.imsdb.com//scripts/Someone-To-Watch-Over-Me.html
303,"Deer Hunter, The",,,"http://www.imsdb.com//scripts/Deer-Hunter,-The.html"
810,"Proposal, The",Jun-09,Jun-06,"http://www.imsdb.com//scripts/Proposal,-The.html"
3,12 and Holding,May-06,Apr-04,http://www.imsdb.com//scripts/12-and-Holding.html
519,I'll Do Anything,Feb-94,,http://www.imsdb.com//scripts/I'll-Do-Anything.html
890,Shampoo,,,http://www.imsdb.com//scripts/Shampoo.html
1058,Walking Tall,Apr-04,,http://www.imsdb.com//scripts/Walking-Tall.html
68,Amour,Dec-12,,http://www.imsdb.com//scripts/Amour.html
1078,"White Ribbon, The",Dec-09,,"http://www.imsdb.com//scripts/White-Ribbon,-The.html"
993,"Things My Father Never Taught Me, The",Apr-12,,"http://www.imsdb.com//scripts/Things-My-Father-Never-Taught-Me,-The.html"
551,"Jacket, The",Mar-05,Apr-03,"http://www.imsdb.com//scripts/Jacket,-The.html"
668,"Master, The",Sep-12,,"http://www.imsdb.com//scripts/Master,-The.html"
184,"Bourne Identity, The",Jun-02,Sep-00,"http://www.imsdb.com//scripts/Bourne-Identity,-The.html"
405,Frozen River,Aug-08,,http://www.imsdb.com//scripts/Frozen-River.html
134,Battle: Los Angeles,Mar-11,May-09,http://www.imsdb.com//scripts/Battle-Los-Angeles.html
412,"Game, The",,Feb-96,"http://www.imsdb.com//scripts/Game,-The.html"
696,Mission Impossible,,Aug-95,http://www.imsdb.com//scripts/Mission-Impossible.html
891,"Shawshank Redemption, The",,,"http://www.imsdb.com//scripts/Shawshank-Redemption,-The.html"
645,Magnolia,,Nov-98,http://www.imsdb.com//scripts/Magnolia.html
230,Chasing Sleep,Sep-01,,http://www.imsdb.com//scripts/Chasing-Sleep.html
279,Cube,,1997,http://www.imsdb.com//scripts/Cube.html
174,Bones,,,http://www.imsdb.com//scripts/Bones.html
116,Bad Lieutenant,Nov-92,Nov-90,http://www.imsdb.com//scripts/Bad-Lieutenant.html
441,Good Will Hunting,,,http://www.imsdb.com//scripts/Good-Will-Hunting.html
638,Lost in Space,,1998,http://www.imsdb.com//scripts/Lost-in-Space.html
785,"Piano, The",,1991,"http://www.imsdb.com//scripts/Piano,-The.html"
576,Kill Bill Volume 1 & 2,,,http://www.imsdb.com//scripts/Kill-Bill-Volume-1-&-2.html
799,Predator,,Jan-87,http://www.imsdb.com//scripts/Predator.html
775,Perfect Creature,Jul-07,May-04,http://www.imsdb.com//scripts/Perfect-Creature.html
395,Freddy vs. Jason,,,http://www.imsdb.com//scripts/Freddy-vs.-Jason.html
731,"Next Three Days, The",Nov-10,Aug-09,"http://www.imsdb.com//scripts/Next-Three-Days,-The.html"
499,Hitchcock,Dec-12,,http://www.imsdb.com//scripts/Hitchcock.html
818,"Queen, The",Sep-06,,"http://www.imsdb.com//scripts/Queen,-The.html"
166,Blow,Apr-01,,http://www.imsdb.com//scripts/Blow.html
120,Bamboozled,,,http://www.imsdb.com//scripts/Bamboozled.html
945,Star Wars: Revenge of the Sith,May-05,,http://www.imsdb.com//scripts/Star-Wars-Revenge-of-the-Sith.html
533,Inglourious Basterds,Aug-09,Jul-08,http://www.imsdb.com//scripts/Inglourious-Basterds.html
85,Apt Pupil,,Apr-96,http://www.imsdb.com//scripts/Apt-Pupil.html
460,"Hangover, The",Jun-09,Sep-07,"http://www.imsdb.com//scripts/Hangover,-The.html"
81,"Apartment, The",,,"http://www.imsdb.com//scripts/Apartment,-The.html"
569,Jurassic Park III,,,http://www.imsdb.com//scripts/Jurassic-Park-III.html
193,Brick,Apr-06,,http://www.imsdb.com//scripts/Brick.html
65,American Splendor,Sep-03,,http://www.imsdb.com//scripts/American-Splendor.html
849,Rocky,,Jan-76,http://www.imsdb.com//scripts/Rocky.html
912,Sling Blade,,,http://www.imsdb.com//scripts/Sling-Blade.html
497,"Hills Have Eyes, The",Mar-06,Feb-05,"http://www.imsdb.com//scripts/Hills-Have-Eyes,-The.html"
66,American Werewolf in London,,,http://www.imsdb.com//scripts/American-Werewolf-in-London.html
1042,Unknown,Feb-11,Oct-09,http://www.imsdb.com//scripts/Unknown.html
148,"Big Blue, The",,,"http://www.imsdb.com//scripts/Big-Blue,-The.html"
735,"Nightmare Before Christmas, The",,Aug-91,"http://www.imsdb.com//scripts/Nightmare-Before-Christmas,-The.html"
563,JFK,,1991,http://www.imsdb.com//scripts/JFK.html
10,2001: A Space Odyssey,,Feb-89,http://www.imsdb.com//scripts/2001-A-Space-Odyssey.html
902,Signs,,,http://www.imsdb.com//scripts/Signs.html
438,Godzilla,,1996,http://www.imsdb.com//scripts/Godzilla.html
1020,Trainspotting,,1996,http://www.imsdb.com//scripts/Trainspotting.html
367,"Family Man, The",,,"http://www.imsdb.com//scripts/Family-Man,-The.html"
821,Raising Arizona,,,http://www.imsdb.com//scripts/Raising-Arizona.html
525,In the Loop,Jul-09,,http://www.imsdb.com//scripts/In-the-Loop.html
846,Robocop,,Jun-86,http://www.imsdb.com//scripts/Robocop.pdf
716,Music of the Heart,Oct-99,Jan-99,http://www.imsdb.com//scripts/Music-of-the-Heart.html
235,"Cider House Rules, The",Dec-99,,"http://www.imsdb.com//scripts/Cider-House-Rules,-The.html"
104,"Avventura, L' (The Adventure)",,,"http://www.imsdb.com//scripts/Avventura,-L'-(The-Adventure).html"
109,Back to the Future,,Oct-84,http://www.imsdb.com//scripts/Back-to-the-Future.pdf
889,Shame,Dec-11,,http://www.imsdb.com//scripts/Shame.html
437,Gods and Monsters,,May-97,http://www.imsdb.com//scripts/Gods-and-Monsters.html
118,Bad Teacher,Jun-11,Jun-08,http://www.imsdb.com//scripts/Bad-Teacher.html
385,Fletch,,May-86,http://www.imsdb.com//scripts/Fletch.html
834,Repo Man,Mar-84,,http://www.imsdb.com//scripts/Repo-Man.html
396,"French Connection, The",,Apr-71,"http://www.imsdb.com//scripts/French-Connection,-The.html"
918,Sneakers,,,http://www.imsdb.com//scripts/Sneakers.pdf
1060,Wall-E,Jun-08,,http://www.imsdb.com//scripts/Wall-E.html
548,It's a Wonderful Life,,,http://www.imsdb.com//scripts/It's-a-Wonderful-Life.html
461,Hanna,Apr-11,,http://www.imsdb.com//scripts/Hanna.html
634,Lord of War,Sep-05,,http://www.imsdb.com//scripts/Lord-of-War.html
837,Resident Evil,,2000,http://www.imsdb.com//scripts/Resident-Evil.html
795,Pokemon: Mewtwo Returns,,2000,http://www.imsdb.com//scripts/Pokemon-Mewtwo-Returns.html
18,8 Mile,,Apr-01,http://www.imsdb.com//scripts/8-Mile.pdf
654,"Man Who Knew Too Much, The",,May-55,"http://www.imsdb.com//scripts/Man-Who-Knew-Too-Much,-The.html"
339,Edward Scissorhands,,Sep-90,http://www.imsdb.com//scripts/Edward-Scissorhands.html
250,Collateral Damage,,Apr-00,http://www.imsdb.com//scripts/Collateral-Damage.html
49,All the King's Men,Nov-49,,http://www.imsdb.com//scripts/All-the-King's-Men.html
976,Syriana,Dec-05,,http://www.imsdb.com//scripts/Syriana.html
545,"Island, The",Jul-05,Jan-04,"http://www.imsdb.com//scripts/Island,-The.html"
144,Beloved,Oct-98,Oct-96,http://www.imsdb.com//scripts/Beloved.html
256,Confidence,,Mar-00,http://www.imsdb.com//scripts/Confidence.html
273,Croupier,Apr-00,,http://www.imsdb.com//scripts/Croupier.html
877,Semi-Pro,Feb-08,Jun-06,http://www.imsdb.com//scripts/Semi-Pro.html
288,Darkman,Aug-90,Feb-89,http://www.imsdb.com//scripts/Darkman.html
518,I Still Know What You Did Last Summer,Nov-98,,http://www.imsdb.com//scripts/I-Still-Know-What-You-Did-Last-Summer.html
389,Four Feathers,,,http://www.imsdb.com//scripts/Four-Feathers.html
994,Thirteen Days,,,http://www.imsdb.com//scripts/Thirteen-Days.html
59,American Madness,Aug-32,,http://www.imsdb.com//scripts/American-Madness.html
143,"Believer, The",May-02,,"http://www.imsdb.com//scripts/Believer,-The.html"
803,"Princess Bride, The",,1987,"http://www.imsdb.com//scripts/Princess-Bride,-The.html"
487,Hellraiser 3: Hell on Earth,Sep-92,Jul-91,http://www.imsdb.com//scripts/Hellraiser-3-Hell-on-Earth.html
79,Antitrust,Jan-01,,http://www.imsdb.com//scripts/Antitrust.html
527,Independence Day,,,http://www.imsdb.com//scripts/Independence-Day.html
1074,While She Was Out,Dec-08,Dec-06,http://www.imsdb.com//scripts/While-She-Was-Out.html
232,Chinatown,Jun-74,,http://www.imsdb.com//scripts/Chinatown.html
760,Orphan,Jul-09,Feb-07,http://www.imsdb.com//scripts/Orphan.html
565,John Q,,,http://www.imsdb.com//scripts/John-Q.html
57,American Graffiti,Aug-73,,http://www.imsdb.com//scripts/American-Graffiti.html
1035,Twins,,Mar-98,http://www.imsdb.com//scripts/Twins.html
348,Entrapment,,Dec-96,http://www.imsdb.com//scripts/Entrapment.html
1008,Tinker Tailor Soldier Spy,Dec-11,,http://www.imsdb.com//scripts/Tinker-Tailor-Soldier-Spy.html
759,Orgy of the Dead,,,http://www.imsdb.com//scripts/Orgy-of-the-Dead.html
779,Pet Sematary II,,Jan-91,http://www.imsdb.com//scripts/Pet-Sematary-II.html
710,Mrs. Brown,,,http://www.imsdb.com//scripts/Mrs.-Brown.html
538,Interview with the Vampire,,,http://www.imsdb.com//scripts/Interview-with-the-Vampire.html
156,Black Snake Moan,Mar-07,,http://www.imsdb.com//scripts/Black-Snake-Moan.html
311,Die Hard,,,http://www.imsdb.com//scripts/Die-Hard.html
1081,Who Framed Roger Rabbit?,,Sep-86,http://www.imsdb.com//scripts/Who-Framed-Roger-Rabbit%3f.html
1071,What Lies Beneath,,Jun-99,http://www.imsdb.com//scripts/What-Lies-Beneath.html
543,Invictus,Dec-09,May-07,http://www.imsdb.com//scripts/Invictus.html
950,State and Main,,Sep-99,http://www.imsdb.com//scripts/State-and-Main.html
69,An Education,Oct-09,,http://www.imsdb.com//scripts/An-Education.html
882,"Seventh Seal, The",,,"http://www.imsdb.com//scripts/Seventh-Seal,-The.html"
347,Enough,May-02,,http://www.imsdb.com//scripts/Enough.html
276,"Crow: City of Angels, The",Aug-96,,"http://www.imsdb.com//scripts/Crow-City-of-Angels,-The.html"
878,Sense and Sensibility,,1995,http://www.imsdb.com//scripts/Sense-and-Sensibility.html
535,"Insider, The",,Nov-99,"http://www.imsdb.com//scripts/Insider,-The.html"
983,Taxi Driver,,,http://www.imsdb.com//scripts/Taxi-Driver.html
448,"Grapes of Wrath, The",,,"http://www.imsdb.com//scripts/Grapes-of-Wrath,-The.html"
343,"Elephant Man, The",Oct-80,,"http://www.imsdb.com//scripts/Elephant-Man,-The.html"
552,Jackie Brown,,Mar-97,http://www.imsdb.com//scripts/Jackie-Brown.html
157,Black Swan,Dec-10,Jan-10,http://www.imsdb.com//scripts/Black-Swan.html
897,Shivers,Jul-76,,http://www.imsdb.com//scripts/Shivers.html
995,This Boy's Life,,Mar-92,http://www.imsdb.com//scripts/This-Boy's-Life.html
854,Roughshod,May-49,,http://www.imsdb.com//scripts/Roughshod.html
948,Starman,Dec-84,,http://www.imsdb.com//scripts/Starman.html
733,Night Time (The Poltergeist Treatment),Jun-82,Mar-80,http://www.imsdb.com//scripts/Night-Time-(The-Poltergeist-Treatment).html
817,Queen of the Damned,,Aug-00,http://www.imsdb.com//scripts/Queen-of-the-Damned.html
340,Eight Legged Freaks,,Jul-00,http://www.imsdb.com//scripts/Eight-Legged-Freaks.html
253,Commando,Oct-85,Apr-85,http://www.imsdb.com//scripts/Commando.html
670,"Matrix Reloaded, The",,Apr-99,"http://www.imsdb.com//scripts/Matrix-Reloaded,-The.html"
492,Henry's Crime,Apr-11,,http://www.imsdb.com//scripts/Henry's-Crime.html
980,"Talented Mr. Ripley, The",,Nov-99,"http://www.imsdb.com//scripts/Talented-Mr.-Ripley,-The.html"
411,Game 6,Jun-05,May-04,http://www.imsdb.com//scripts/Game-6.html
1056,Wag the Dog,,Oct-96,http://www.imsdb.com//scripts/Wag-the-Dog.html
364,"Fabulous Baker Boys, The",,Apr-85,"http://www.imsdb.com//scripts/Fabulous-Baker-Boys,-The.html"
1083,Wild At Heart,,,http://www.imsdb.com//scripts/Wild-At-Heart.html
150,"Big Lebowski, The",,,"http://www.imsdb.com//scripts/Big-Lebowski,-The.html"
381,Final Destination 2,,,http://www.imsdb.com//scripts/Final-Destination-2.html
903,Silence of the Lambs,,,http://www.imsdb.com//scripts/Silence-of-the-Lambs.html
83,Apollo 13,,1995,http://www.imsdb.com//scripts/Apollo-13.html
500,"Hitchhiker's Guide to the Galaxy, The",Apr-05,Aug-03,"http://www.imsdb.com//scripts/Hitchhiker's-Guide-to-the-Galaxy,-The.html"
820,Raging Bull,,,http://www.imsdb.com//scripts/Raging-Bull.html
169,"Blues Brothers, The",,,"http://www.imsdb.com//scripts/Blues-Brothers,-The.pdf"
100,Austin Powers - The Spy Who Shagged Me,,,http://www.imsdb.com//scripts/Austin-Powers---The-Spy-Who-Shagged-Me.html
171,Body Heat,,,http://www.imsdb.com//scripts/Body-Heat.html
32,Affliction,Jan-99,1997,http://www.imsdb.com//scripts/Affliction.html
648,Malcolm X,,1991,http://www.imsdb.com//scripts/Malcolm-X.html
371,Fast Times at Ridgemont High,,,http://www.imsdb.com//scripts/Fast-Times-at-Ridgemont-High.html
772,Pearl Harbor,,,http://www.imsdb.com//scripts/Pearl-Harbor.html
1015,Total Recall,,Sep-90,http://www.imsdb.com//scripts/Total-Recall.html
354,Eternal Sunshine of the Spotless Mind,Mar-04,Mar-03,http://www.imsdb.com//scripts/Eternal-Sunshine-of-the-Spotless-Mind.html
613,"Life of David Gale, The",Feb-03,Mar-98,"http://www.imsdb.com//scripts/Life-of-David-Gale,-The.html"
677,Megamind,Nov-10,,http://www.imsdb.com//scripts/Megamind.html
38,Airplane 2: The Sequel,Dec-82,Feb-82,http://www.imsdb.com//scripts/Airplane-2-The-Sequel.html
1016,"Tourist, The",Dec-10,Jun-08,"http://www.imsdb.com//scripts/Tourist,-The.html"
204,Burlesque,Nov-10,Feb-09,http://www.imsdb.com//scripts/Burlesque.html
63,American Psycho,,,http://www.imsdb.com//scripts/American-Psycho.html
333,E.T.,,1982,http://www.imsdb.com//scripts/E.T..html
483,Hellbound: Hellraiser II,,Mar-00,http://www.imsdb.com//scripts/Hellbound-Hellraiser-II.html
866,Saving Private Ryan,,,http://www.imsdb.com//scripts/Saving-Private-Ryan.html
1097,"World is not Enough, The",,1999,"http://www.imsdb.com//scripts/World-is-not-Enough,-The.html"
489,Hellraiser: Hellseeker,Oct-02,Oct-00,http://www.imsdb.com//scripts/Hellraiser-Hellseeker.html
45,Alien: Resurrection,,,http://www.imsdb.com//scripts/Alien-Resurrection.html
349,Equilibrium,,,http://www.imsdb.com//scripts/Equilibrium.pdf
1079,White Squall,,Oct-94,http://www.imsdb.com//scripts/White-Squall.html
399,Friday the 13th Part VIII: Jason Takes Manhattan,,,http://www.imsdb.com//scripts/Friday-the-13th-Part-VIII-Jason-Takes-Manhattan.html
1085,Wild Hogs,Mar-07,Jul-05,http://www.imsdb.com//scripts/Wild-Hogs.html
619,"Lincoln Lawyer, The",Mar-11,Jul-06,"http://www.imsdb.com//scripts/Lincoln-Lawyer,-The.html"
280,"Curious Case of Benjamin Button, The",Dec-08,Oct-07,"http://www.imsdb.com//scripts/Curious-Case-of-Benjamin-Button,-The.html"
401,Fright Night (1985),Aug-85,Sep-84,http://www.imsdb.com//scripts/Fright-Night-(1985).html
703,Moon,Jun-09,Nov-07,http://www.imsdb.com//scripts/Moon.html
871,Scott Pilgrim vs the World,Aug-10,May-10,http://www.imsdb.com//scripts/Scott-Pilgrim-vs-the-World.html
423,"Ghost and the Darkness, The",,,"http://www.imsdb.com//scripts/Ghost-and-the-Darkness,-The.html"
176,Bonnie and Clyde,,,http://www.imsdb.com//scripts/Bonnie-and-Clyde.html
623,Little Nicky,,,http://www.imsdb.com//scripts/Little-Nicky.html
455,"Grudge, The",Oct-04,Jan-04,"http://www.imsdb.com//scripts/Grudge,-The.html"
315,Disturbia,Apr-07,Mar-06,http://www.imsdb.com//scripts/Disturbia.html
796,"Postman, The",,Nov-96,"http://www.imsdb.com//scripts/Postman,-The.html"
781,Philadelphia,,Sep-92,http://www.imsdb.com//scripts/Philadelphia.html
561,Jennifer's Body,Sep-09,Sep-07,http://www.imsdb.com//scripts/Jennifer's-Body.html
683,Miami Vice,Jul-06,Sep-04,http://www.imsdb.com//scripts/Miami-Vice.html
907,Sister Act,May-92,Jul-91,http://www.imsdb.com//scripts/Sister-Act.html
416,Gangs of New York,,Feb-02,http://www.imsdb.com//scripts/Gangs-of-New-York.html
41,Alien,,Jun-78,http://www.imsdb.com//scripts/Alien.html
611,Life,Apr-99,,http://www.imsdb.com//scripts/Life.html
848,RocknRolla,Oct-08,Jun-07,http://www.imsdb.com//scripts/RocknRolla.html
868,Scarface,,,http://www.imsdb.com//scripts/Scarface.html
421,"Getaway, The",,Feb-72,"http://www.imsdb.com//scripts/Getaway,-The.html"
485,Hellboy 2: The Golden Army,Jul-08,,http://www.imsdb.com//scripts/Hellboy-2-The-Golden-Army.html
852,Ronin,,May-97,http://www.imsdb.com//scripts/Ronin.html
368,Fantastic Four,Jul-05,,http://www.imsdb.com//scripts/Fantastic-Four.html
896,"Shipping News, The",Jan-02,Feb-99,"http://www.imsdb.com//scripts/Shipping-News,-The.html"
807,Prom Night,Jul-80,,http://www.imsdb.com//scripts/Prom-Night.html
643,Mad Max 2: The Road Warrior,May-82,Apr-81,http://www.imsdb.com//scripts/Mad-Max-2-The-Road-Warrior.html
432,Glengarry Glen Gross,,,http://www.imsdb.com//scripts/Glengarry-Glen-Gross.html
904,Silver Bullet,,,http://www.imsdb.com//scripts/Silver-Bullet.html
578,King Kong,Dec-05,,http://www.imsdb.com//scripts/King-Kong.html
718,My Girl,Nov-91,,http://www.imsdb.com//scripts/My-Girl.html
194,Bridesmaids,May-11,Aug-09,http://www.imsdb.com//scripts/Bridesmaids.html
261,Coraline,Feb-09,,http://www.imsdb.com//scripts/Coraline.html
142,Being There,,Jan-79,http://www.imsdb.com//scripts/Being-There.html
208,Cable Guy,,Oct-96,http://www.imsdb.com//scripts/Cable-Guy.html
74,Angels & Demons,May-09,Apr-08,http://www.imsdb.com//scripts/Angels-&-Demons.html
973,Swingers,,Dec-94,http://www.imsdb.com//scripts/Swingers.html
251,Colombiana,Aug-11,Aug-09,http://www.imsdb.com//scripts/Colombiana.html
141,Being John Malkovich,,,http://www.imsdb.com//scripts/Being-John-Malkovich.html
344,Elizabeth: The Golden Age,Oct-07,Jul-06,http://www.imsdb.com//scripts/Elizabeth-The-Golden-Age.html
640,Love and Basketball,,,http://www.imsdb.com//scripts/Love-and-Basketball.html
241,Clash of the Titans,Apr-10,May-08,http://www.imsdb.com//scripts/Clash-of-the-Titans.html
189,Brazil,,,http://www.imsdb.com//scripts/Brazil.html
302,Deep Rising,,Jan-96,http://www.imsdb.com//scripts/Deep-Rising.html
40,Ali,Dec-01,,http://www.imsdb.com//scripts/Ali.html
925,Something's Gotta Give,Dec-03,Jun-02,http://www.imsdb.com//scripts/Something's-Gotta-Give.html
221,Celeste & Jesse Forever,Aug-12,May-11,http://www.imsdb.com//scripts/Celeste-&-Jesse-Forever.html
575,"Kids Are All Right, The",Jul-10,Aug-09,"http://www.imsdb.com//scripts/Kids-Are-All-Right,-The.html"
53,Amadeus,,,http://www.imsdb.com//scripts/Amadeus.html
847,"Rock, The",,Oct-95,"http://www.imsdb.com//scripts/Rock,-The.html"
20,9,Sep-09,,http://www.imsdb.com//scripts/9.html
693,"Miracle Worker, The",Jul-62,Jul-61,"http://www.imsdb.com//scripts/Miracle-Worker,-The.html"
318,Dog Day Afternoon,,,http://www.imsdb.com//scripts/Dog-Day-Afternoon.html
970,Sweeney Todd: The Demon Barber of Fleet Street,Dec-07,Dec-06,http://www.imsdb.com//scripts/Sweeney-Todd-The-Demon-Barber-of-Fleet-Street.html
1000,Three Men and a Baby,,Nov-86,http://www.imsdb.com//scripts/Three-Men-and-a-Baby.html
114,Bad Day at Black Rock,Jan-55,,http://www.imsdb.com//scripts/Bad-Day-at-Black-Rock.html
529,Indiana Jones and the Raiders of the Lost Ark,,1981,http://www.imsdb.com//scripts/Indiana-Jones-and-the-Raiders-of-the-Lost-Ark.html
1088,Wild Wild West,,May-98,http://www.imsdb.com//scripts/Wild-Wild-West.html
37,Airplane,Jul-80,Jun-79,http://www.imsdb.com//scripts/Airplane.html
804,"Private Life of Sherlock Holmes, The",,,"http://www.imsdb.com//scripts/Private-Life-of-Sherlock-Holmes,-The.html"
865,Save the Last Dance,,Jun-99,http://www.imsdb.com//scripts/Save-the-Last-Dance.html
823,Rambo: First Blood II: The Mission,,Dec-83,http://www.imsdb.com//scripts/Rambo-First-Blood-II-The-Mission.html
931,Speed,,,http://www.imsdb.com//scripts/Speed.pdf
378,Fight Club,,Feb-98,http://www.imsdb.com//scripts/Fight-Club.html
452,"Grifters, The",,Mar-89,"http://www.imsdb.com//scripts/Grifters,-The.html"
559,Jay and Silent Bob Strike Back,,Jan-01,http://www.imsdb.com//scripts/Jay-and-Silent-Bob-Strike-Back.html
434,Godfather,,Mar-71,http://www.imsdb.com//scripts/Godfather.html
175,Bonfire of the Vanities,,Jul-90,http://www.imsdb.com//scripts/Bonfire-of-the-Vanities.html
728,Newsies,,Jun-91,http://www.imsdb.com//scripts/Newsies.html
420,Get Shorty,,,http://www.imsdb.com//scripts/Get-Shorty.html
777,"Perks of Being a Wallflower, The",Oct-12,,"http://www.imsdb.com//scripts/Perks-of-Being-a-Wallflower,-The.html"
1101,X-Men Origins: Wolverine,May-09,,http://www.imsdb.com//scripts/X-Men-Origins-Wolverine.html
671,"Matrix, The",,Jun-97,"http://www.imsdb.com//scripts/Matrix,-The.html"
1018,Traffic,,,http://www.imsdb.com//scripts/Traffic.html
264,Cowboys & Aliens,Jul-11,Aug-09,http://www.imsdb.com//scripts/Cowboys-&-Aliens.html
639,Lost in Translation,Oct-03,Sep-02,http://www.imsdb.com//scripts/Lost-in-Translation.html
512,Hudson Hawk,,Jun-90,http://www.imsdb.com//scripts/Hudson-Hawk.html
798,Precious,Nov-09,Jan-08,http://www.imsdb.com//scripts/Precious.html
337,Ed TV,,Jul-97,http://www.imsdb.com//scripts/Ed-TV.html
1072,When a Stranger Calls,Oct-79,,http://www.imsdb.com//scripts/When-a-Stranger-Calls.html
748,Oblivion,Apr-13,Mar-11,http://www.imsdb.com//scripts/Oblivion.html
649,Malibu's Most Wanted,,Jul-02,http://www.imsdb.com//scripts/Malibu's-Most-Wanted.html
96,Assassins,,Aug-94,http://www.imsdb.com//scripts/Assassins.html
1025,TRON: Legacy,Dec-10,,http://www.imsdb.com//scripts/TRON-Legacy.html
955,Storytelling,,,http://www.imsdb.com//scripts/Storytelling.html
98,At First Sight,,,http://www.imsdb.com//scripts/At-First-Sight.html
706,Mr Blandings Builds His Dream House,Jun-48,,http://www.imsdb.com//scripts/Mr-Blandings-Builds-His-Dream-House.html
708,Mr Deeds Goes to Town,Apr-36,Dec-35,http://www.imsdb.com//scripts/Mr-Deeds-Goes-to-Town.html
734,Nightbreed,Feb-90,,http://www.imsdb.com//scripts/Nightbreed.html
773,Peeping Tom,May-60,,http://www.imsdb.com//scripts/Peeping-Tom.html
456,Hackers,Sep-95,,http://www.imsdb.com//scripts/Hackers.html
632,Lord of the Rings: Return of the King,Dec-03,Oct-03,http://www.imsdb.com//scripts/Lord-of-the-Rings-Return-of-the-King.html
180,"Boondock Saints, The",Jan-00,Aug-97,"http://www.imsdb.com//scripts/Boondock-Saints,-The.html"
801,Pride and Prejudice,Nov-05,,http://www.imsdb.com//scripts/Pride-and-Prejudice.html
767,ParaNorman,Aug-12,,http://www.imsdb.com//scripts/ParaNorman.html
209,Candle to Water,Nov-12,May-12,http://www.imsdb.com//scripts/Candle-to-Water.html
1046,V for Vendetta,Mar-06,,http://www.imsdb.com//scripts/V-for-Vendetta.html
732,Nick of Time,Nov-95,Mar-95,http://www.imsdb.com//scripts/Nick-of-Time.html
664,Marty,Jul-55,,http://www.imsdb.com//scripts/Marty.html
886,Shadow of the Vampire,,Mar-99,http://www.imsdb.com//scripts/Shadow-of-the-Vampire.pdf
352,Escape From L.A.,,1996,http://www.imsdb.com//scripts/Escape-From-L.A..html
219,Cecil B. Demented,Aug-00,Jun-98,http://www.imsdb.com//scripts/Cecil-B.-Demented.html
620,"Lion King, The",,Aug-93,"http://www.imsdb.com//scripts/Lion-King,-The.pdf"
97,"Assignment, The",Sep-97,Jul-96,"http://www.imsdb.com//scripts/Assignment,-The.html"
805,"Producer, The",,Mar-67,"http://www.imsdb.com//scripts/Producer,-The.html"
895,"Shining, The",,,"http://www.imsdb.com//scripts/Shining,-The.html"
717,My Best Friend's Wedding,,1997,http://www.imsdb.com//scripts/My-Best-Friend's-Wedding.html
577,Killing Zoe,,,http://www.imsdb.com//scripts/Killing-Zoe.html
802,Priest,May-11,,http://www.imsdb.com//scripts/Priest.html
71,Analyze This,,Jul-98,http://www.imsdb.com//scripts/Analyze-This.html
255,Confessions of a Dangerous Mind,,May-98,http://www.imsdb.com//scripts/Confessions-of-a-Dangerous-Mind.html
125,Basquiat,,,http://www.imsdb.com//scripts/Basquiat.html
51,Almost Famous,,Dec-98,http://www.imsdb.com//scripts/Almost-Famous.html
293,"Day the Clown Cried, The",,,"http://www.imsdb.com//scripts/Day-the-Clown-Cried,-The.html"
342,Election,,Jul-97,http://www.imsdb.com//scripts/Election.html
28,Adaptation,,Nov-00,http://www.imsdb.com//scripts/Adaptation.html
76,Annie Hall,,,http://www.imsdb.com//scripts/Annie-Hall.html
811,Psycho,,Dec-59,http://www.imsdb.com//scripts/Psycho.html
1001,"Three Musketeers, The",,Jan-93,"http://www.imsdb.com//scripts/Three-Musketeers,-The.html"
425,Ghost Ship,,,http://www.imsdb.com//scripts/Ghost-Ship.html
244,"Clockwork Orange, A",,,"http://www.imsdb.com//scripts/Clockwork-Orange,-A.pdf"
397,Frequency,,,http://www.imsdb.com//scripts/Frequency.html
956,Strange Days,Oct-95,Aug-93,http://www.imsdb.com//scripts/Strange-Days.html
431,Gladiator,,Oct-98,http://www.imsdb.com//scripts/Gladiator.html
1092,Withnail and I,,,http://www.imsdb.com//scripts/Withnail-and-I.html
642,Machine Gun Preacher,Sep-11,Sep-10,http://www.imsdb.com//scripts/Machine-Gun-Preacher.html
573,Kate & Leopold,,Dec-01,http://www.imsdb.com//scripts/Kate-&-Leopold.html
77,"Anniversary Party, The",,,"http://www.imsdb.com//scripts/Anniversary-Party,-The.html"
119,Badlands,,1973,http://www.imsdb.com//scripts/Badlands.html
841,Rise of the Guardians,Nov-12,Sep-12,http://www.imsdb.com//scripts/Rise-of-the-Guardians.html
388,Forrest Gump,,,http://www.imsdb.com//scripts/Forrest-Gump.html
149,Big Fish,Jan-04,,http://www.imsdb.com//scripts/Big-Fish.html
370,Fargo,,,http://www.imsdb.com//scripts/Fargo.html
595,Last Chance Harvey,Jan-09,,http://www.imsdb.com//scripts/Last-Chance-Harvey.html
521,"Ice Storm, The",,Jan-96,"http://www.imsdb.com//scripts/Ice-Storm,-The.html"
446,Grand Hotel,Apr-32,,http://www.imsdb.com//scripts/Grand-Hotel.html
682,Metro,,1997,http://www.imsdb.com//scripts/Metro.html
325,Dragonslayer,,1981,http://www.imsdb.com//scripts/Dragonslayer.html
516,I am Sam,Jan-02,,http://www.imsdb.com//scripts/I-am-Sam.html
951,Station West,Oct-48,Jun-47,http://www.imsdb.com//scripts/Station-West.html
754,"Officer and a Gentleman, An",,Apr-81,"http://www.imsdb.com//scripts/Officer-and-a-Gentleman,-An.pdf"
238,Cirque du Freak: The Vampire's Assistant,Oct-09,,http://www.imsdb.com//scripts/Cirque-du-Freak-The-Vampire's-Assistant.html
366,Fair Game,Nov-10,,http://www.imsdb.com//scripts/Fair-Game.html
514,Human Nature,,Jan-01,http://www.imsdb.com//scripts/Human-Nature.html
466,Hard Rain,Jan-98,,http://www.imsdb.com//scripts/Hard-Rain.html
560,Jennifer Eight,Nov-92,Jun-91,http://www.imsdb.com//scripts/Jennifer-Eight.html
451,Gremlins 2,Jun-90,Feb-89,http://www.imsdb.com//scripts/Gremlins-2.html
725,Never Been Kissed,,Jun-98,http://www.imsdb.com//scripts/Never-Been-Kissed.html
211,Carrie,Nov-76,,http://www.imsdb.com//scripts/Carrie.html
588,Labor of Love,,,http://www.imsdb.com//scripts/Labor-of-Love.html
1019,Training Day,,Mar-01,http://www.imsdb.com//scripts/Training-Day.html
27,Ace Ventura: Pet Detective,,,http://www.imsdb.com//scripts/Ace-Ventura-Pet-Detective.html
835,"Rescuers Down Under, The",,Nov-90,"http://www.imsdb.com//scripts/Rescuers-Down-Under,-The.html"
627,Lone Star,,,http://www.imsdb.com//scripts/Lone-Star.html
598,"Last Samurai, The",,,"http://www.imsdb.com//scripts/Last-Samurai,-The.html"
292,Day of the Dead,,1985,http://www.imsdb.com//scripts/Day-of-the-Dead.html
614,Life of Pi,Nov-12,,http://www.imsdb.com//scripts/Life-of-Pi.html
809,"Prophecy, The",Sep-95,,"http://www.imsdb.com//scripts/Prophecy,-The.html"
550,"Italian Job, The",,Dec-01,"http://www.imsdb.com//scripts/Italian-Job,-The.html"
508,Hotel Rwanda,Feb-05,,http://www.imsdb.com//scripts/Hotel-Rwanda.html
1063,War of the Worlds,Jun-05,,http://www.imsdb.com//scripts/War-of-the-Worlds.html
351,Erin Brockovich,,Mar-99,http://www.imsdb.com//scripts/Erin-Brockovich.html
91,Army of Darkness,,Jan-91,http://www.imsdb.com//scripts/Army-of-Darkness.html
971,"Sweet Hereafter, The",,,"http://www.imsdb.com//scripts/Sweet-Hereafter,-The.html"
517,I Love You Phillip Morris,Jan-10,Apr-08,http://www.imsdb.com//scripts/I-Love-You-Phillip-Morris.html
222,"Cell, The",,,"http://www.imsdb.com//scripts/Cell,-The.html"
1090,Win Win,Mar-11,,http://www.imsdb.com//scripts/Win-Win.html
226,Chaos,Dec-05,Mar-04,http://www.imsdb.com//scripts/Chaos.html
940,Star Trek: Nemesis,,,http://www.imsdb.com//scripts/Star-Trek-Nemesis.html
546,It Happened One Night,Feb-34,,http://www.imsdb.com//scripts/It-Happened-One-Night.html
341,El Mariachi,Feb-93,,http://www.imsdb.com//scripts/El-Mariachi.html
426,Ghost World,,,http://www.imsdb.com//scripts/Ghost-World.html
259,"Cooler, The",Nov-03,,"http://www.imsdb.com//scripts/Cooler,-The.html"
1067,Water for Elephants,Apr-11,Apr-09,http://www.imsdb.com//scripts/Water-for-Elephants.html
532,"Informant, The",Sep-09,Jan-03,"http://www.imsdb.com//scripts/Informant,-The.html"
326,Drive,Sep-11,Sep-10,http://www.imsdb.com//scripts/Drive.html
757,Only God Forgives,Jul-13,,http://www.imsdb.com//scripts/Only-God-Forgives.html
328,Drop Dead Gorgeous,,,http://www.imsdb.com//scripts/Drop-Dead-Gorgeous.html
586,Kung Fu Panda,Jun-08,,http://www.imsdb.com//scripts/Kung-Fu-Panda.html
824,"Reader, The",Jan-09,,"http://www.imsdb.com//scripts/Reader,-The.html"
223,Cellular,Sep-04,Jul-03,http://www.imsdb.com//scripts/Cellular.html
881,"Sessions, The",Nov-12,,"http://www.imsdb.com//scripts/Sessions,-The.html"
571,Kafka,,,http://www.imsdb.com//scripts/Kafka.html
556,Jason X,,,http://www.imsdb.com//scripts/Jason-X.html
418,Get Carter,Mar-71,,http://www.imsdb.com//scripts/Get-Carter.html
1095,Wonder Boys,,,http://www.imsdb.com//scripts/Wonder-Boys.html
359,Excalibur,Apr-81,,http://www.imsdb.com//scripts/Excalibur.html
254,Conan the Barbarian,Aug-11,Oct-09,http://www.imsdb.com//scripts/Conan-the-Barbarian.html
657,Manhunter,,Jul-84,http://www.imsdb.com//scripts/Manhunter.html
430,"Girl with the Dragon Tattoo, The",Dec-11,,"http://www.imsdb.com//scripts/Girl-with-the-Dragon-Tattoo,-The.html"
764,"Pacifier, The",Mar-05,Mar-04,"http://www.imsdb.com//scripts/Pacifier,-The.html"
594,"Last Boy Scout, The",,,"http://www.imsdb.com//scripts/Last-Boy-Scout,-The.html"
330,Duck Soup,,,http://www.imsdb.com//scripts/Duck-Soup.html
252,Color of Night,Aug-94,,http://www.imsdb.com//scripts/Color-of-Night.html
987,Terminator Salvation,May-09,Oct-05,http://www.imsdb.com//scripts/Terminator-Salvation.html
938,Star Trek: First Contact,,Sep-95,http://www.imsdb.com//scripts/Star-Trek-First-Contact.html
601,Law Abiding Citizen,Oct-09,Sep-08,http://www.imsdb.com//scripts/Law-Abiding-Citizen.html
2,12,,,http://www.imsdb.com//scripts/12.html
290,Dave Barry's Complete Guide to Guys,May-06,Feb-04,http://www.imsdb.com//scripts/Dave-Barry's-Complete-Guide-to-Guys.html
831,"Relic, The",,Mar-95,"http://www.imsdb.com//scripts/Relic,-The.html"
505,"Hospital, The",Dec-71,,"http://www.imsdb.com//scripts/Hospital,-The.html"
266,Crank,Sep-06,Feb-05,http://www.imsdb.com//scripts/Crank.html
787,Pirates of the Caribbean,,,http://www.imsdb.com//scripts/Pirates-of-the-Caribbean.html
283,Dances with Wolves,Nov-90,May-89,http://www.imsdb.com//scripts/Dances-with-Wolves.html
103,"Avengers, The",,Jun-95,"http://www.imsdb.com//scripts/Avengers,-The.html"
564,Jimmy and Judy,,Aug-04,http://www.imsdb.com//scripts/Jimmy-and-Judy.html
319,Dogma,,1999,http://www.imsdb.com//scripts/Dogma.html
383,Five Easy Pieces,,,http://www.imsdb.com//scripts/Five-Easy-Pieces.html
393,Frankenstein,Nov-94,Feb-93,http://www.imsdb.com//scripts/Frankenstein.html
137,Beasts of the Southern Wild,Jun-12,,http://www.imsdb.com//scripts/Beasts-of-the-Southern-Wild.html
294,"Day the Earth Stood Still, The",,Feb-51,"http://www.imsdb.com//scripts/Day-the-Earth-Stood-Still,-The.html"
115,Bad Dreams,Apr-88,,http://www.imsdb.com//scripts/Bad-Dreams.html
369,Fantastic Mr Fox,Nov-09,Mar-07,http://www.imsdb.com//scripts/Fantastic-Mr-Fox.html
751,Ocean's Eleven,Dec-01,May-01,http://www.imsdb.com//scripts/Ocean's-Eleven.html
605,Legion,Jan-10,Oct-07,http://www.imsdb.com//scripts/Legion.html
524,In the Bedroom,Jan-02,,http://www.imsdb.com//scripts/In-the-Bedroom.html
355,Even Cowgirls Get the Blues,May-94,,http://www.imsdb.com//scripts/Even-Cowgirls-Get-the-Blues.html
218,Catwoman,Jul-04,Feb-03,http://www.imsdb.com//scripts/Catwoman.html
44,Alien vs. Predator,,,http://www.imsdb.com//scripts/Alien-vs.-Predator.html
322,"Doors, The",Mar-91,,"http://www.imsdb.com//scripts/Doors,-The.html"
84,April Fool's Day,Mar-86,,http://www.imsdb.com//scripts/April-Fool's-Day.html
229,Chasing Amy,,,http://www.imsdb.com//scripts/Chasing-Amy.html
299,"Debt, The",Aug-11,,"http://www.imsdb.com//scripts/Debt,-The.html"
464,"Happy Birthday, Wanda June",,,"http://www.imsdb.com//scripts/Happy-Birthday,-Wanda-June.html"
587,L.A. Confidential,,Nov-95,http://www.imsdb.com//scripts/L.A.-Confidential.html
394,Freaked,Oct-93,Jan-92,http://www.imsdb.com//scripts/Freaked.html
920,Snow White and the Huntsman,Jun-12,Nov-11,http://www.imsdb.com//scripts/Snow-White-and-the-Huntsman.html
1057,"Walk to Remember, A",,Jul-00,"http://www.imsdb.com//scripts/Walk-to-Remember,-A.html"
275,"Crow, The",,Sep-92,"http://www.imsdb.com//scripts/Crow,-The.html"
651,Man On Fire,Apr-04,Feb-03,http://www.imsdb.com//scripts/Man-On-Fire.html
892,She's Out of My League,Mar-10,,http://www.imsdb.com//scripts/She's-Out-of-My-League.html
929,Spare Me,,Aug-91,http://www.imsdb.com//scripts/Spare-Me.html
536,Insidious,Apr-11,,http://www.imsdb.com//scripts/Insidious.html
1106,You've Got Mail,,Feb-98,http://www.imsdb.com//scripts/You've-Got-Mail.html
90,Armageddon,,1998,http://www.imsdb.com//scripts/Armageddon.html
992,"Thing, The",,Mar-81,"http://www.imsdb.com//scripts/Thing,-The.html"
658,Margaret,Sep-11,Nov-05,http://www.imsdb.com//scripts/Margaret.html
520,"I, Robot",Jul-04,,"http://www.imsdb.com//scripts/I,-Robot.html"
147,Big,,1988,http://www.imsdb.com//scripts/Big.html
637,Lost Horizon,Sep-37,Mar-36,http://www.imsdb.com//scripts/Lost-Horizon.html
1049,Vanilla Sky,Dec-01,,http://www.imsdb.com//scripts/Vanilla-Sky.html
714,Mumford,Sep-99,,http://www.imsdb.com//scripts/Mumford.html
660,Margot at the Wedding,Nov-07,,http://www.imsdb.com//scripts/Margot-at-the-Wedding.html
30,"Adjustment Bureau, The",Mar-11,,"http://www.imsdb.com//scripts/Adjustment-Bureau,-The.html"
42,Alien 3,,Jan-91,http://www.imsdb.com//scripts/Alien-3.html
707,Mr Brooks,Jun-07,,http://www.imsdb.com//scripts/Mr-Brooks.html
523,"Imaginarium of Doctor Parnassus, The",Sep-09,May-07,"http://www.imsdb.com//scripts/Imaginarium-of-Doctor-Parnassus,-The.html"
975,"Synecdoche, New York",Mar-09,Jul-07,"http://www.imsdb.com//scripts/Synecdoche,-New-York.html"
453,Grosse Point Blank,,May-94,http://www.imsdb.com//scripts/Grosse-Point-Blank.html
358,Evil Dead II: Dead by Dawn,,May-86,http://www.imsdb.com//scripts/Evil-Dead-II-Dead-by-Dawn.html
704,Moonrise Kingdom,Jun-12,May-11,http://www.imsdb.com//scripts/Moonrise-Kingdom.html
217,Catch Me If You Can,Dec-02,,http://www.imsdb.com//scripts/Catch-Me-If-You-Can.html
547,It Happened One Night,Feb-34,,http://www.imsdb.com//scripts/It-Happened-One-Night.html
1004,Timber Falls,Dec-07,Sep-06,http://www.imsdb.com//scripts/Timber-Falls.html
1059,Wall Street,,Mar-87,http://www.imsdb.com//scripts/Wall-Street.html
977,Taking Lives,Mar-04,Feb-03,http://www.imsdb.com//scripts/Taking-Lives.html
898,Shrek,May-01,,http://www.imsdb.com//scripts/Shrek.html
722,Napoleon Dynamite,Jun-04,,http://www.imsdb.com//scripts/Napoleon-Dynamite.html
247,Code of Silence,May-85,,http://www.imsdb.com//scripts/Code-of-Silence.html
309,Devil in a Blue Dress,Sep-95,Mar-94,http://www.imsdb.com//scripts/Devil-in-a-Blue-Dress.html
170,"Bodies, Rest & Motion",,1993,"http://www.imsdb.com//scripts/Bodies,-Rest-&-Motion.html"
815,Purple Rain,Jul-84,,http://www.imsdb.com//scripts/Purple-Rain.html
694,Mirrors,Aug-08,Jan-07,http://www.imsdb.com//scripts/Mirrors.html
301,Deep Cover,Apr-92,,http://www.imsdb.com//scripts/Deep-Cover.html
262,Coriolanus,Jan-12,,http://www.imsdb.com//scripts/Coriolanus.html
574,Kids,Jul-95,,http://www.imsdb.com//scripts/Kids.html
647,Major League,,1989,http://www.imsdb.com//scripts/Major-League.html
887,Shakespeare in Love,,,http://www.imsdb.com//scripts/Shakespeare-in-Love.html
686,Midnight in Paris,Jun-11,,http://www.imsdb.com//scripts/Midnight-in-Paris.html
375,Ferris Bueller's Day Off,,Jul-85,http://www.imsdb.com//scripts/Ferris-Bueller's-Day-Off.html
186,"Bourne Ultimatum, The",Aug-07,Jun-07,"http://www.imsdb.com//scripts/Bourne-Ultimatum,-The.html"
24,Above the Law,,Apr-87,http://www.imsdb.com//scripts/Above-the-Law.html
665,Mary Poppins,,1964,http://www.imsdb.com//scripts/Mary-Poppins.html
674,"Mechanic, The",Jan-11,Jul-09,"http://www.imsdb.com//scripts/Mechanic,-The.html"
124,Basic Instinct,,,http://www.imsdb.com//scripts/Basic-Instinct.html
870,Schindler's List,,,http://www.imsdb.com//scripts/Schindler's-List.html
212,Cars 2,Jun-11,,http://www.imsdb.com//scripts/Cars-2.html
1098,"Wrestler, The",Jan-09,Oct-07,"http://www.imsdb.com//scripts/Wrestler,-The.html"
621,Little Athens,Nov-06,Mar-04,http://www.imsdb.com//scripts/Little-Athens.html
365,Face Off,Jun-97,Sep-96,http://www.imsdb.com//scripts/Face-Off.html
1028,True Grit,Dec-10,Jun-09,http://www.imsdb.com//scripts/True-Grit.html
155,Black Rain,,Nov-87,http://www.imsdb.com//scripts/Black-Rain.html
105,Awakenings,,Oct-89,http://www.imsdb.com//scripts/Awakenings.html
800,Pretty Woman,,Sep-90,http://www.imsdb.com//scripts/Pretty-Woman.html
353,Escape From New York,,1981,http://www.imsdb.com//scripts/Escape-From-New-York.html
314,"Distinguished Gentleman, The",,Dec-00,"http://www.imsdb.com//scripts/Distinguished-Gentleman,-The.html"
840,Ringu,,1998,http://www.imsdb.com//scripts/Ringu.html
584,Kramer vs Kramer,,1979,http://www.imsdb.com//scripts/Kramer-vs-Kramer.html
152,"Birds, The",,Mar-62,"http://www.imsdb.com//scripts/Birds,-The.html"
14,44 Inch Chest,Jan-10,,http://www.imsdb.com//scripts/44-Inch-Chest.html
1051,Vertigo,,,http://www.imsdb.com//scripts/Vertigo.pdf
267,Crash,,1996,http://www.imsdb.com//scripts/Crash.html
908,Six Degrees of Separation,Dec-93,Apr-92,http://www.imsdb.com//scripts/Six-Degrees-of-Separation.html
827,Rebel Without A Cause,,,http://www.imsdb.com//scripts/Rebel-Without-A-Cause.html
477,Heat,,Mar-94,http://www.imsdb.com//scripts/Heat.html
70,Analyze That,,Jun-02,http://www.imsdb.com//scripts/Analyze-That.html
336,Easy A,Sep-10,Aug-08,http://www.imsdb.com//scripts/Easy-A.html
1009,Titanic,,1997,http://www.imsdb.com//scripts/Titanic.html
327,Drive Angry,Feb-11,Mar-09,http://www.imsdb.com//scripts/Drive-Angry.html
387,"Flintstones, The",,Sep-87,"http://www.imsdb.com//scripts/Flintstones,-The.html"
199,"Brothers Bloom, The",Sep-08,,"http://www.imsdb.com//scripts/Brothers-Bloom,-The.html"
310,Devil's Advocate,Oct-97,Jan-97,http://www.imsdb.com//scripts/Devil's-Advocate.html
792,Platoon,,,http://www.imsdb.com//scripts/Platoon.html
709,Mr. Holland's Opus,,,http://www.imsdb.com//scripts/Mr.-Holland's-Opus.pdf
415,Gang Related,Oct-97,,http://www.imsdb.com//scripts/Gang-Related.html
447,Grand Theft Parsons,Jun-04,Jun-03,http://www.imsdb.com//scripts/Grand-Theft-Parsons.html
765,Pandorum,Sep-09,,http://www.imsdb.com//scripts/Pandorum.html
33,After School Special,,Jan-00,http://www.imsdb.com//scripts/After-School-Special.html
463,Hannibal,,Feb-00,http://www.imsdb.com//scripts/Hannibal.html
786,Pineapple Express,Aug-08,Nov-06,http://www.imsdb.com//scripts/Pineapple-Express.html
1077,White Jazz,,Sep-07,http://www.imsdb.com//scripts/White-Jazz.html
585,Kundun,,Oct-92,http://www.imsdb.com//scripts/Kundun.html
862,"Saint, The",,Feb-95,"http://www.imsdb.com//scripts/Saint,-The.html"
111,"Back-up Plan, The",Apr-10,Aug-07,"http://www.imsdb.com//scripts/Back-up-Plan,-The.html"
736,"Nightmare Before Christmas, The",,Aug-91,"http://www.imsdb.com//scripts/Nightmare-Before-Christmas,-The.html"
1108,Zero Dark Thirty,Jan-13,Oct-11,http://www.imsdb.com//scripts/Zero-Dark-Thirty.html
784,"Pianist, The",Sep-02,,"http://www.imsdb.com//scripts/Pianist,-The.html"
688,Milk,Nov-08,,http://www.imsdb.com//scripts/Milk.html
690,Mimic,,Jun-96,http://www.imsdb.com//scripts/Mimic.html
47,All About Eve,,,http://www.imsdb.com//scripts/All-About-Eve.html
481,"Hebrew Hammer, The",Jan-03,,"http://www.imsdb.com//scripts/Hebrew-Hammer,-The.html"
662,Marley & Me,Dec-08,Mar-07,http://www.imsdb.com//scripts/Marley-&-Me.html
482,Heist,,Mar-99,http://www.imsdb.com//scripts/Heist.html
1107,Youth in Revolt,Jan-10,Jul-07,http://www.imsdb.com//scripts/Youth-in-Revolt.html
941,Star Trek: The Motion Picture,,Jul-78,http://www.imsdb.com//scripts/Star-Trek-The-Motion-Picture.html
603,Legally Blonde,,Jul-00,http://www.imsdb.com//scripts/Legally-Blonde.html
711,Mud,May-13,Sep-11,http://www.imsdb.com//scripts/Mud.html
1099,"X-Files: Fight the Future, The",,Jun-97,"http://www.imsdb.com//scripts/X-Files-Fight-the-Future,-The.html"
557,Jaws,,1975,http://www.imsdb.com//scripts/Jaws.html
410,G.I. Joe: The Rise of Cobra,Aug-09,Nov-07,http://www.imsdb.com//scripts/G.I.-Joe-The-Rise-of-Cobra.html
117,Bad Santa,,Feb-02,http://www.imsdb.com//scripts/Bad-Santa.html
406,"Fugitive, The",,Feb-92,"http://www.imsdb.com//scripts/Fugitive,-The.html"
1103,Year One,Jun-09,Oct-07,http://www.imsdb.com//scripts/Year-One.html
26,"Abyss, The",,Aug-88,"http://www.imsdb.com//scripts/Abyss,-The.html"
161,Blade: Trinity,Dec-04,,http://www.imsdb.com//scripts/Blade-Trinity.html
187,"Box, The",Nov-09,Sep-06,"http://www.imsdb.com//scripts/Box,-The.html"
95,As Good As It Gets,,,http://www.imsdb.com//scripts/As-Good-As-It-Gets.html
978,"Taking of Pelham One Two Three, The",Oct-74,Apr-73,"http://www.imsdb.com//scripts/Taking-of-Pelham-One-Two-Three,-The.html"
855,"Ruins, The",Apr-08,,"http://www.imsdb.com//scripts/Ruins,-The.html"
782,Phone Booth,,Nov-02,http://www.imsdb.com//scripts/Phone-Booth.html
427,Ghostbusters,,May-88,http://www.imsdb.com//scripts/Ghostbusters.html
153,Birthday Girl,,Jan-01,http://www.imsdb.com//scripts/Birthday-Girl.html
1014,Top Gun,,Apr-85,http://www.imsdb.com//scripts/Top-Gun.html
413,Gamer,Sep-09,Sep-07,http://www.imsdb.com//scripts/Gamer.html
139,Beginners,Jun-11,,http://www.imsdb.com//scripts/Beginners.html
606,Les Miserables,Dec-12,May-12,http://www.imsdb.com//scripts/Les-Miserables.html
379,"Fighter, The",Dec-10,,"http://www.imsdb.com//scripts/Fighter,-The.html"
850,"Rocky Horror Picture Show, The",,1975,"http://www.imsdb.com//scripts/Rocky-Horror-Picture-Show,-The.html"
874,Scream 3,,May-99,http://www.imsdb.com//scripts/Scream-3.html
296,Dead Poets Society,,,http://www.imsdb.com//scripts/Dead-Poets-Society.html
981,Tall in the Saddle,Sep-44,,http://www.imsdb.com//scripts/Tall-in-the-Saddle.html
191,Breakdown,,Mar-96,http://www.imsdb.com//scripts/Breakdown.html
417,Gattaca,,,http://www.imsdb.com//scripts/Gattaca.html
966,Supergirl,,Jan-83,http://www.imsdb.com//scripts/Supergirl.html
816,Quantum Project,,,http://www.imsdb.com//scripts/Quantum-Project.html
526,"Incredibles, The",Nov-04,,"http://www.imsdb.com//scripts/Incredibles,-The.html"
755,Omega Man,,Jul-70,http://www.imsdb.com//scripts/Omega-Man.html
880,Serial Mom,,Jul-92,http://www.imsdb.com//scripts/Serial-Mom.html
947,Star Wars: The Phantom Menace,,1999,http://www.imsdb.com//scripts/Star-Wars-The-Phantom-Menace.html
177,Boogie Nights,,,http://www.imsdb.com//scripts/Boogie-Nights.html
237,Cinema Paradiso,,,http://www.imsdb.com//scripts/Cinema-Paradiso.html
982,Tamara Drewe,Oct-10,Oct-09,http://www.imsdb.com//scripts/Tamara-Drewe.html
436,"Godfather Part III, The",Dec-90,Mar-79,"http://www.imsdb.com//scripts/Godfather-Part-III,-The.html"
867,Saw,Oct-04,,http://www.imsdb.com//scripts/Saw.html
50,All the President's Men,,Mar-75,http://www.imsdb.com//scripts/All-the-President's-Men.html
479,Heavenly Creatures,,1994,http://www.imsdb.com//scripts/Heavenly-Creatures.html
1006,Tin Cup,,Dec-95,http://www.imsdb.com//scripts/Tin-Cup.html
737,"Nightmare on Elm Street, A",,,"http://www.imsdb.com//scripts/Nightmare-on-Elm-Street,-A.html"
400,Fright Night,Aug-11,,http://www.imsdb.com//scripts/Fright-Night.html
860,Rust and Bone,Dec-12,Aug-11,http://www.imsdb.com//scripts/Rust-and-Bone.html
422,Ghost,,Sep-90,http://www.imsdb.com//scripts/Ghost.html
465,Happy Feet,Nov-06,,http://www.imsdb.com//scripts/Happy-Feet.html
271,Crime Spree,Sep-03,Mar-96,http://www.imsdb.com//scripts/Crime-Spree.html
894,Shifty,Sep-09,,http://www.imsdb.com//scripts/Shifty.html
60,American Outlaws,,,http://www.imsdb.com//scripts/American-Outlaws.html
655,"Man Who Wasn't There, The",,Jan-01,"http://www.imsdb.com//scripts/Man-Who-Wasn't-There,-The.html"
964,Superbad,Aug-07,Jul-06,http://www.imsdb.com//scripts/Superbad.html
234,"Chronicles of Narnia: The Lion, the Witch and the Wardrobe",Dec-05,,"http://www.imsdb.com//scripts/Chronicles-of-Narnia-The-Lion,-the-Witch-and-the-Wardrobe.html"
168,Blue Velvet,,,http://www.imsdb.com//scripts/Blue-Velvet.html
990,There's Something About Mary,,Oct-97,http://www.imsdb.com//scripts/There's-Something-About-Mary.html
29,"Addams Family, The",Nov-91,Apr-91,"http://www.imsdb.com//scripts/Addams-Family,-The.html"
257,Constantine,Feb-05,Nov-02,http://www.imsdb.com//scripts/Constantine.html
121,Barry Lyndon,,Feb-73,http://www.imsdb.com//scripts/Barry-Lyndon.html
727,New York Minute,May-04,Feb-03,http://www.imsdb.com//scripts/New-York-Minute.html
513,"Hudsucker Proxy, The",,Sep-92,"http://www.imsdb.com//scripts/Hudsucker-Proxy,-The.html"
641,Machete,Sep-10,,http://www.imsdb.com//scripts/Machete.html
304,Defiance,Jan-09,,http://www.imsdb.com//scripts/Defiance.html
522,"Ides of March, The",Oct-11,,"http://www.imsdb.com//scripts/Ides-of-March,-The.html"
75,Anna Karenina,Nov-12,,http://www.imsdb.com//scripts/Anna-Karenina.html
1024,TRON,,Apr-81,http://www.imsdb.com//scripts/TRON.html
1007,Tin Men,,Jun-86,http://www.imsdb.com//scripts/Tin-Men.html
281,Custody,,,http://www.imsdb.com//scripts/Custody.html
1087,Wild Things: Diamonds in the Rough,Feb-05,Feb-04,http://www.imsdb.com//scripts/Wild-Things-Diamonds-in-the-Rough.html
1094,"Wizard of Oz, The",,Mar-39,"http://www.imsdb.com//scripts/Wizard-of-Oz,-The.html"
1075,"Whistleblower, The",Aug-11,Aug-07,"http://www.imsdb.com//scripts/Whistleblower,-The.html"
282,"Damned United, The",Oct-09,,"http://www.imsdb.com//scripts/Damned-United,-The.html"
382,Finding Nemo,May-03,May-03,http://www.imsdb.com//scripts/Finding-Nemo.html
475,"Haunting, The",,Nov-98,"http://www.imsdb.com//scripts/Haunting,-The.html"
783,Pi,,Sep-98,http://www.imsdb.com//scripts/Pi.html
338,Ed Wood,,Nov-92,http://www.imsdb.com//scripts/Ed-Wood.html
308,Detroit Rock City,Aug-99,,http://www.imsdb.com//scripts/Detroit-Rock-City.html
661,"Mariachi, El",,,"http://www.imsdb.com//scripts/Mariachi,-El.html"
949,Starship Troopers,,1997,http://www.imsdb.com//scripts/Starship-Troopers.html
851,Romeo & Juliet,Nov-96,Oct-95,http://www.imsdb.com//scripts/Romeo-&-Juliet.html
458,Halloween: The Curse of Michael Myers,,,http://www.imsdb.com//scripts/Halloween-The-Curse-of-Michael-Myers.html
1029,True Lies,,1994,http://www.imsdb.com//scripts/True-Lies.html
123,Basic,,Mar-00,http://www.imsdb.com//scripts/Basic.html
954,Stir of Echoes,Sep-99,Mar-98,http://www.imsdb.com//scripts/Stir-of-Echoes.html
885,Sexual Life,Mar-05,,http://www.imsdb.com//scripts/Sexual-Life.html
726,"Neverending Story, The",,1984,"http://www.imsdb.com//scripts/Neverending-Story,-The.html"
917,Snatch,Jan-01,Aug-99,http://www.imsdb.com//scripts/Snatch.html
745,Notting Hill,,1999,http://www.imsdb.com//scripts/Notting-Hill.html
770,"Patriot, The",,Mar-99,"http://www.imsdb.com//scripts/Patriot,-The.html"
316,Django Unchained,Dec-12,,http://www.imsdb.com//scripts/Django-Unchained.html
146,"Best Exotic Marigold Hotel, The",May-12,Jan-11,"http://www.imsdb.com//scripts/Best-Exotic-Marigold-Hotel,-The.html"
1050,"Verdict, The",,1982,"http://www.imsdb.com//scripts/Verdict,-The.html"
374,Feast,Sep-06,May-04,http://www.imsdb.com//scripts/Feast.html
615,Light Sleeper,Aug-92,,http://www.imsdb.com//scripts/Light-Sleeper.html
1038,"Ugly Truth, The",Jul-09,Feb-08,"http://www.imsdb.com//scripts/Ugly-Truth,-The.html"
963,Super 8,Jun-11,Dec-10,http://www.imsdb.com//scripts/Super-8.html
1065,Warrior,Sep-11,,http://www.imsdb.com//scripts/Warrior.html
932,Speed Racer,May-08,Jan-07,http://www.imsdb.com//scripts/Speed-Racer.html
626,Logan's Run,,Apr-75,http://www.imsdb.com//scripts/Logan's-Run.html
923,Soldier,Oct-98,Oct-97,http://www.imsdb.com//scripts/Soldier.html
19,8MM,,May-97,http://www.imsdb.com//scripts/8MM.html
265,Cradle 2 the Grave,,May-02,http://www.imsdb.com//scripts/Cradle-2-the-Grave.html
494,High Fidelity,,Sep-98,http://www.imsdb.com//scripts/High-Fidelity.html
979,Taking Sides,Sep-03,,http://www.imsdb.com//scripts/Taking-Sides.html
334,Eagle Eye,Sep-08,Mar-07,http://www.imsdb.com//scripts/Eagle-Eye.html
459,Hancock,Jul-08,,http://www.imsdb.com//scripts/Hancock.html
769,"Passion of Joan of Arc, The",Mar-29,,"http://www.imsdb.com//scripts/Passion-of-Joan-of-Arc,-The.html"
719,My Mother Dreams the Satan's Disciples in New York,,,http://www.imsdb.com//scripts/My-Mother-Dreams-the-Satan's-Disciples-in-New-York.html
102,Avatar,Dec-09,,http://www.imsdb.com//scripts/Avatar.html
1032,Twilight,Nov-08,Feb-08,http://www.imsdb.com//scripts/Twilight.html
468,Harold and Kumar Go to White Castle,Jun-04,May-03,http://www.imsdb.com//scripts/Harold-and-Kumar-Go-to-White-Castle.html
906,Simone,,,http://www.imsdb.com//scripts/Simone.html
17,500 Days of Summer,Jul-09,,http://www.imsdb.com//scripts/500-Days-of-Summer.html
1010,TMNT,Mar-07,Aug-05,http://www.imsdb.com//scripts/TMNT.html
435,Godfather Part II,,Sep-73,http://www.imsdb.com//scripts/Godfather-Part-II.html
901,"Siege, The",Nov-98,,"http://www.imsdb.com//scripts/Siege,-The.html"
478,Heathers,,Feb-88,http://www.imsdb.com//scripts/Heathers.html
958,"Stuntman, The",Jun-80,,"http://www.imsdb.com//scripts/Stuntman,-The.html"
1017,Toy Story,,Nov-95,http://www.imsdb.com//scripts/Toy-Story.html
246,Cobb,,Jul-93,http://www.imsdb.com//scripts/Cobb.html
863,"Salton Sea, The",,,"http://www.imsdb.com//scripts/Salton-Sea,-The.html"
965,Superfights,,,http://www.imsdb.com//scripts/Superfights.pdf
582,Kiss of the Spider Woman,,Oct-82,http://www.imsdb.com//scripts/Kiss-of-the-Spider-Woman.pdf
705,Moonstruck,,1987,http://www.imsdb.com//scripts/Moonstruck.html
268,"Crazy, Stupid, Love",Jul-11,Feb-10,"http://www.imsdb.com//scripts/Crazy,-Stupid,-Love.html"
1021,Transformers: The Movie,,,http://www.imsdb.com//scripts/Transformers-The-Movie.html
952,Stepmom,,,http://www.imsdb.com//scripts/Stepmom.html
756,One Flew Over the Cuckoo's Nest,,,http://www.imsdb.com//scripts/One-Flew-Over-the-Cuckoo's-Nest.html
297,Death at a Funeral,Apr-10,Feb-09,http://www.imsdb.com//scripts/Death-at-a-Funeral.html
942,Star Wars: A New Hope,May-77,Jan-76,http://www.imsdb.com//scripts/Star-Wars-A-New-Hope.html
758,Ordinary People,Sep-80,,http://www.imsdb.com//scripts/Ordinary-People.html
729,Next,Apr-07,May-04,http://www.imsdb.com//scripts/Next.html
346,"English Patient, The",,,"http://www.imsdb.com//scripts/English-Patient,-The.html"
656,"Manchurian Candidate, The",Jul-04,Aug-03,"http://www.imsdb.com//scripts/Manchurian-Candidate,-The.html"
16,50-50,Sep-11,Jul-08,http://www.imsdb.com//scripts/50-50.html
317,Do The Right Thing,,Mar-88,http://www.imsdb.com//scripts/Do-The-Right-Thing.html
537,Insomnia,May-02,Feb-00,http://www.imsdb.com//scripts/Insomnia.html
919,Snow Falling On Cedars,,May-98,http://www.imsdb.com//scripts/Snow-Falling-On-Cedars.html
503,Horrible Bosses,Jul-11,Apr-10,http://www.imsdb.com//scripts/Horrible-Bosses.html
350,Erik the Viking,,,http://www.imsdb.com//scripts/Erik-the-Viking.html
439,Gone in 60 Seconds,,Apr-99,http://www.imsdb.com//scripts/Gone-in-60-Seconds.html
1066,Watchmen,Mar-09,,http://www.imsdb.com//scripts/Watchmen.html
205,Burn After Reading,Sep-08,,http://www.imsdb.com//scripts/Burn-After-Reading.html
1061,Wanted,Jun-08,Dec-05,http://www.imsdb.com//scripts/Wanted.html
659,Margin Call,Oct-11,Jul-10,http://www.imsdb.com//scripts/Margin-Call.html
631,"Lord of the Rings: Fellowship of the Ring, The",,,"http://www.imsdb.com//scripts/Lord-of-the-Rings-Fellowship-of-the-Ring,-The.html"
617,Limitless,Mar-11,Dec-09,http://www.imsdb.com//scripts/Limitless.html
943,Star Wars: Attack of the Clones,,Feb-02,http://www.imsdb.com//scripts/Star-Wars-Attack-of-the-Clones.html
403,From Here to Eternity,Sep-53,Aug-52,http://www.imsdb.com//scripts/From-Here-to-Eternity.html
985,Terminator,,Apr-83,http://www.imsdb.com//scripts/Terminator.html
618,Lincoln,Nov-12,Dec-11,http://www.imsdb.com//scripts/Lincoln.html
997,Thor,May-11,,http://www.imsdb.com//scripts/Thor.html
419,Get Low,Jul-10,,http://www.imsdb.com//scripts/Get-Low.html
145,Benny & Joon,Apr-93,,http://www.imsdb.com//scripts/Benny-&-Joon.html
610,Liar Liar,Mar-97,Apr-96,http://www.imsdb.com//scripts/Liar-Liar.html
1102,xXx,,Aug-01,http://www.imsdb.com//scripts/xXx.html
224,"Change-Up, The",Aug-11,Jul-09,"http://www.imsdb.com//scripts/Change-Up,-The.html"
793,Pleasantville,,,http://www.imsdb.com//scripts/Pleasantville.html
676,Meet John Doe,May-41,,http://www.imsdb.com//scripts/Meet-John-Doe.html
55,American Beauty,,,http://www.imsdb.com//scripts/American-Beauty.html
356,Event Horizon,Aug-97,,http://www.imsdb.com//scripts/Event-Horizon.html
289,Date Night,Apr-10,Jun-08,http://www.imsdb.com//scripts/Date-Night.html
996,This is 40,Dec-12,,http://www.imsdb.com//scripts/This-is-40.html
875,Se7en,,,http://www.imsdb.com//scripts/Se7en.html
198,Broken Embraces,Oct-09,,http://www.imsdb.com//scripts/Broken-Embraces.html
488,Hellraiser: Deader,Jun-05,Aug-02,http://www.imsdb.com//scripts/Hellraiser-Deader.html
570,Jurassic Park: The Lost World,,,http://www.imsdb.com//scripts/Jurassic-Park-The-Lost-World.html
429,Ginger Snaps,May-01,Jul-96,http://www.imsdb.com//scripts/Ginger-Snaps.html
1054,Virtuosity,,May-94,http://www.imsdb.com//scripts/Virtuosity.html
794,Point Break,,1991,http://www.imsdb.com//scripts/Point-Break.html
825,Real Genius,,,http://www.imsdb.com//scripts/Real-Genius.html
591,Lake Placid,Jul-99,May-98,http://www.imsdb.com//scripts/Lake-Placid.html
589,Labyrinth,,1986,http://www.imsdb.com//scripts/Labyrinth.html
687,Mighty Morphin Power Rangers: The Movie,Jun-95,Oct-94,http://www.imsdb.com//scripts/Mighty-Morphin-Power-Rangers-The-Movie.html
108,"Bachelor Party, The",Apr-57,,"http://www.imsdb.com//scripts/Bachelor-Party,-The.html"
167,Blue Valentine,Dec-10,May-09,http://www.imsdb.com//scripts/Blue-Valentine.html
467,Hard to Kill,,Feb-90,http://www.imsdb.com//scripts/Hard-to-Kill.html
1076,White Christmas,,Jul-53,http://www.imsdb.com//scripts/White-Christmas.html
1011,To Sleep with Anger,,Jan-89,http://www.imsdb.com//scripts/To-Sleep-with-Anger.html
761,"Other Boleyn Girl, The",Feb-08,Feb-06,"http://www.imsdb.com//scripts/Other-Boleyn-Girl,-The.html"
39,Aladdin,,1992,http://www.imsdb.com//scripts/Aladdin.html
1031,"Truman Show, The",,1998,"http://www.imsdb.com//scripts/Truman-Show,-The.html"
541,Inventing the Abbotts,,Mar-96,http://www.imsdb.com//scripts/Inventing-the-Abbotts.html
720,My Week with Marilyn,Dec-11,,http://www.imsdb.com//scripts/My-Week-with-Marilyn.html
511,How to Train Your Dragon,Mar-10,,http://www.imsdb.com//scripts/How-to-Train-Your-Dragon.html
768,Pariah,Dec-11,,http://www.imsdb.com//scripts/Pariah.html
72,Anastasia,,1997,http://www.imsdb.com//scripts/Anastasia.html
836,Reservoir Dogs,,Oct-90,http://www.imsdb.com//scripts/Reservoir-Dogs.html
812,Public Enemies,Jul-09,Nov-07,http://www.imsdb.com//scripts/Public-Enemies.html
624,Living in Oblivion,Jun-95,,http://www.imsdb.com//scripts/Living-in-Oblivion.html
433,Go,,Apr-97,http://www.imsdb.com//scripts/Go.html
953,"Sting, The",,,"http://www.imsdb.com//scripts/Sting,-The.html"
558,Jaws 2,,1978,http://www.imsdb.com//scripts/Jaws-2.html
190,Break,,1969,http://www.imsdb.com//scripts/Break.html
859,Rushmore,,May-97,http://www.imsdb.com//scripts/Rushmore.html
921,So I Married an Axe Murderer,,1993,http://www.imsdb.com//scripts/So-I-Married-an-Axe-Murderer.html
927,South Park,,Jan-99,http://www.imsdb.com//scripts/South-Park.html
1064,Warm Springs,Apr-05,Sep-04,http://www.imsdb.com//scripts/Warm-Springs.html
972,Sweet Smell of Success,,,http://www.imsdb.com//scripts/Sweet-Smell-of-Success.html
502,Honeydripper,Dec-07,Jun-06,http://www.imsdb.com//scripts/Honeydripper.html
1105,You Can Count On Me,Nov-00,,http://www.imsdb.com//scripts/You-Can-Count-On-Me.html
813,Pulp Fiction,,May-93,http://www.imsdb.com//scripts/Pulp-Fiction.html
1104,Yes Man,Dec-08,Feb-07,http://www.imsdb.com//scripts/Yes-Man.html
376,Field of Dreams,Apr-89,Mar-88,http://www.imsdb.com//scripts/Field-of-Dreams.html
542,"Invention of Lying, The",Oct-09,Jun-07,"http://www.imsdb.com//scripts/Invention-of-Lying,-The.html"
957,Strangers on a Train,,Oct-50,http://www.imsdb.com//scripts/Strangers-on-a-Train.html
699,Moneyball,Sep-11,,http://www.imsdb.com//scripts/Moneyball.html
528,Indiana Jones and the Last Crusade,,1989,http://www.imsdb.com//scripts/Indiana-Jones-and-the-Last-Crusade.html
106,Babel,Nov-06,Apr-05,http://www.imsdb.com//scripts/Babel.html
539,Into the Wild,Sep-07,,http://www.imsdb.com//scripts/Into-the-Wild.html
160,Blade Runner,,Feb-81,http://www.imsdb.com//scripts/Blade-Runner.html
9,187,,Nov-96,http://www.imsdb.com//scripts/187.html
1053,"Village, The",Jul-04,,"http://www.imsdb.com//scripts/Village,-The.html"
702,Monte Carlo,Jul-11,Nov-07,http://www.imsdb.com//scripts/Monte-Carlo.html
922,Solaris,,Oct-01,http://www.imsdb.com//scripts/Solaris.html
78,Anonymous,Oct-11,,http://www.imsdb.com//scripts/Anonymous.html
1082,Who's Your Daddy,Jan-05,,http://www.imsdb.com//scripts/Who's-Your-Daddy.html
284,Dark City,,May-94,http://www.imsdb.com//scripts/Dark-City.html
88,Arctic Blue,,,http://www.imsdb.com//scripts/Arctic-Blue.html
700,Monkeybone,Feb-01,Feb-99,http://www.imsdb.com//scripts/Monkeybone.html
937,Star Trek II: The Wrath of Khan,,Mar-82,http://www.imsdb.com//scripts/Star-Trek-II-The-Wrath-of-Khan.html
974,Swordfish,,Jan-01,http://www.imsdb.com//scripts/Swordfish.html
185,"Bourne Supremacy, The",Jul-04,Nov-03,"http://www.imsdb.com//scripts/Bourne-Supremacy,-The.html"
1039,Unbreakable,,Oct-99,http://www.imsdb.com//scripts/Unbreakable.html
961,Sunset Blvd.,,May-49,http://www.imsdb.com//scripts/Sunset-Blvd..html
540,Intolerable Cruelty,,Mar-97,http://www.imsdb.com//scripts/Intolerable-Cruelty.html
386,Flight,Nov-12,Dec-11,http://www.imsdb.com//scripts/Flight.html
1036,Two For The Money,Oct-05,Oct-04,http://www.imsdb.com//scripts/Two-For-The-Money.html
22,A Serious Man,Oct-09,Jun-07,http://www.imsdb.com//scripts/A-Serious-Man.html
197,Broken Arrow,Feb-96,Mar-95,http://www.imsdb.com//scripts/Broken-Arrow.html
320,Donnie Brasco,,Jul-92,http://www.imsdb.com//scripts/Donnie-Brasco.html
1034,Twin Peaks,,1992,http://www.imsdb.com//scripts/Twin-Peaks.html
579,"King of Comedy, The",,Dec-76,"http://www.imsdb.com//scripts/King-of-Comedy,-The.html"
80,Antz,,,http://www.imsdb.com//scripts/Antz.html
962,Sunshine Cleaning,Mar-09,Mar-07,http://www.imsdb.com//scripts/Sunshine-Cleaning.html
1005,"Time Machine, The",,Feb-00,"http://www.imsdb.com//scripts/Time-Machine,-The.html"
6,1492: Conquest of Paradise,,Sep-91,http://www.imsdb.com//scripts/1492-Conquest-of-Paradise.html
1040,Under Fire,Oct-83,,http://www.imsdb.com//scripts/Under-Fire.html
329,"Dry White Season, A",,May-87,"http://www.imsdb.com//scripts/Dry-White-Season,-A.html"
742,Ninotchka,Nov-39,,http://www.imsdb.com//scripts/Ninotchka.html
544,"Iron Lady, The",Jan-12,,"http://www.imsdb.com//scripts/Iron-Lady,-The.html"
140,Being Human,,Jan-92,http://www.imsdb.com//scripts/Being-Human.html
300,Deception,Apr-08,Sep-05,http://www.imsdb.com//scripts/Deception.html
872,Scream,,Jul-95,http://www.imsdb.com//scripts/Scream.html
181,Bottle Rocket,,,http://www.imsdb.com//scripts/Bottle-Rocket.html
984,Ted,Jun-12,,http://www.imsdb.com//scripts/Ted.html
832,Remember Me,Mar-10,Apr-09,http://www.imsdb.com//scripts/Remember-Me.html
939,Star Trek: Generations,,Mar-94,http://www.imsdb.com//scripts/Star-Trek-Generations.html
646,"Majestic, The (The Bijou)",,Oct-97,"http://www.imsdb.com//scripts/Majestic,-The-(The-Bijou).html"
713,Mulholland Drive,,Jan-99,http://www.imsdb.com//scripts/Mulholland-Drive.html
568,Jurassic Park,,Dec-92,http://www.imsdb.com//scripts/Jurassic-Park.html
876,"Searchers, The",,,"http://www.imsdb.com//scripts/Searchers,-The.html"
986,Terminator 2: Judgement Day,,1991,http://www.imsdb.com//scripts/Terminator-2-Judgement-Day.html
934,Spider-Man,,Apr-00,http://www.imsdb.com//scripts/Spider-Man.html
884,"Sex, Lies and Videotape",,,"http://www.imsdb.com//scripts/Sex,-Lies-and-Videotape.html"
243,Cliffhanger,May-93,,http://www.imsdb.com//scripts/Cliffhanger.html
476,He's Just Not That Into You,Feb-09,Jul-07,http://www.imsdb.com//scripts/He's-Just-Not-That-Into-You.html
1003,Ticker,Nov-01,Nov-97,http://www.imsdb.com//scripts/Ticker.html
1055,"Visitor, The",Apr-08,,"http://www.imsdb.com//scripts/Visitor,-The.html"
509,House of 1000 Corpses,,Mar-00,http://www.imsdb.com//scripts/House-of-1000-Corpses.html
762,Out of Sight,,Mar-98,http://www.imsdb.com//scripts/Out-of-Sight.html
409,G.I. Jane,,Aug-95,http://www.imsdb.com//scripts/G.I.-Jane.html
216,Cast Away,,,http://www.imsdb.com//scripts/Cast-Away.html
604,Legend,,Mar-84,http://www.imsdb.com//scripts/Legend.html
227,Charade,Dec-63,Oct-62,http://www.imsdb.com//scripts/Charade.html
747,O Brother Where Art Thou?,,,http://www.imsdb.com//scripts/O-Brother-Where-Art-Thou%3f.html
491,Henry Fool,Jun-98,,http://www.imsdb.com//scripts/Henry-Fool.html
240,City of Joy,,Oct-90,http://www.imsdb.com//scripts/City-of-Joy.html
263,Courage Under Fire,,,http://www.imsdb.com//scripts/Courage-Under-Fire.pdf
1048,Valkyrie,Dec-08,Jan-07,http://www.imsdb.com//scripts/Valkyrie.html
776,"Perfect World, A",,Dec-92,"http://www.imsdb.com//scripts/Perfect-World,-A.html"
723,Nashville,,Jun-74,http://www.imsdb.com//scripts/Nashville.html
900,Sideways,Jan-05,May-03,http://www.imsdb.com//scripts/Sideways.html
428,Ghostbusters 2,,Feb-89,http://www.imsdb.com//scripts/Ghostbusters-2.html
1022,Tremors,,Jun-88,http://www.imsdb.com//scripts/Tremors.html
43,Alien Nation,,Oct-87,http://www.imsdb.com//scripts/Alien-Nation.html
361,eXistenZ,Apr-99,Oct-96,http://www.imsdb.com//scripts/eXistenZ.html
270,Creation,Jan-10,,http://www.imsdb.com//scripts/Creation.html
695,Misery,,,http://www.imsdb.com//scripts/Misery.html
893,Sherlock Holmes,Dec-09,Sep-08,http://www.imsdb.com//scripts/Sherlock-Holmes.html
712,Mulan,,1998,http://www.imsdb.com//scripts/Mulan.html
753,Office Space,,Dec-97,http://www.imsdb.com//scripts/Office-Space.html
829,Red Riding Hood,Mar-11,Jul-09,http://www.imsdb.com//scripts/Red-Riding-Hood.html
1091,Wind Chill,Apr-07,,http://www.imsdb.com//scripts/Wind-Chill.html
158,Blade,,,http://www.imsdb.com//scripts/Blade.html
566,Judge Dredd,Jun-95,Mar-94,http://www.imsdb.com//scripts/Judge-Dredd.html
274,"Crow Salvation, The",,,"http://www.imsdb.com//scripts/Crow-Salvation,-The.html"
593,Larry Crowne,Jul-11,Nov-09,http://www.imsdb.com//scripts/Larry-Crowne.html
202,Bull Durham,Jun-88,,http://www.imsdb.com//scripts/Bull-Durham.html
1033,Twilight: New Moon,Nov-09,Dec-08,http://www.imsdb.com//scripts/Twilight-New-Moon.html
34,After.Life,Apr-10,Jul-08,http://www.imsdb.com//scripts/After.Life.html
678,Memento,,Oct-99,http://www.imsdb.com//scripts/Memento.html
498,His Girl Friday,Jan-40,,http://www.imsdb.com//scripts/His-Girl-Friday.html
888,Shallow Grave,Feb-95,,http://www.imsdb.com//scripts/Shallow-Grave.html
377,"Fifth Element, The",,Aug-95,"http://www.imsdb.com//scripts/Fifth-Element,-The.html"
861,S. Darko,May-09,,http://www.imsdb.com//scripts/S.-Darko.html
822,Rambling Rose,,,http://www.imsdb.com//scripts/Rambling-Rose.html
562,Jerry Maguire,,,http://www.imsdb.com//scripts/Jerry-Maguire.html
1070,What About Bob?,May-91,,http://www.imsdb.com//scripts/What-About-Bob%3f.html
774,Peggy Sue Got Married,,Aug-85,http://www.imsdb.com//scripts/Peggy-Sue-Got-Married.html
1068,"Way Back, The",Jan-11,Jan-09,"http://www.imsdb.com//scripts/Way-Back,-The.html"
830,Reindeer Games,Feb-00,,http://www.imsdb.com//scripts/Reindeer-Games.html
210,Capote,Feb-06,,http://www.imsdb.com//scripts/Capote.html
839,Revolutionary Road,Dec-08,,http://www.imsdb.com//scripts/Revolutionary-Road.html
1069,We Own the Night,Oct-07,,http://www.imsdb.com//scripts/We-Own-the-Night.html
424,Ghost Rider,Feb-07,Apr-01,http://www.imsdb.com//scripts/Ghost-Rider.html
62,"American President, The",,,"http://www.imsdb.com//scripts/American-President,-The.html"
195,Bringing Out the Dead,,Nov-97,http://www.imsdb.com//scripts/Bringing-Out-the-Dead.html
113,Bad Boys,,Jun-94,http://www.imsdb.com//scripts/Bad-Boys.html
82,Apocalypse Now,,Dec-75,http://www.imsdb.com//scripts/Apocalypse-Now.html
507,Hot Tub Time Machine,Mar-10,,http://www.imsdb.com//scripts/Hot-Tub-Time-Machine.html
372,Fatal Instinct,,1993,http://www.imsdb.com//scripts/Fatal-Instinct.html
249,Collateral,Aug-04,Aug-03,http://www.imsdb.com//scripts/Collateral.html
749,Observe and Report,Apr-09,,http://www.imsdb.com//scripts/Observe-and-Report.html
357,Evil Dead,,1979,http://www.imsdb.com//scripts/Evil-Dead.html
135,"Beach, The",,Jun-98,"http://www.imsdb.com//scripts/Beach,-The.html"
214,Case 39,Oct-10,Feb-06,http://www.imsdb.com//scripts/Case-39.html
154,"Black Dahlia, The",Sep-06,,"http://www.imsdb.com//scripts/Black-Dahlia,-The.html"
596,"Last Flight, The",Aug-31,,"http://www.imsdb.com//scripts/Last-Flight,-The.html"
15,48 Hrs.,,,http://www.imsdb.com//scripts/48-Hrs..html
440,"Good Girl, The",Aug-02,,"http://www.imsdb.com//scripts/Good-Girl,-The.html"
666,"Mask, The",Jul-94,,"http://www.imsdb.com//scripts/Mask,-The.html"
501,Hollow Man,,Jun-98,http://www.imsdb.com//scripts/Hollow-Man.html
