,Script_Id,Script_Title,Movie_Release_Date,Script_Date,Raw_Script_URL,Meta_Link
0,444,"Graduate, The",,Mar-67,"http://www.imsdb.com//scripts/Graduate,-The.html","http://www.imsdb.com/Movie%20Scripts/Graduate,%20The%20Script.html"
1,99,Austin Powers - International Man of Mystery,,Jul-96,http://www.imsdb.com//scripts/Austin-Powers---International-Man-of-Mystery.html,http://www.imsdb.com/Movie%20Scripts/Austin%20Powers%20-%20International%20Man%20of%20Mystery%20Script.html
2,138,Beavis and Butt-head Do America,,,http://www.imsdb.com//scripts/Beavis-and-Butt-head-Do-America.html,http://www.imsdb.com/Movie%20Scripts/Beavis%20and%20Butt-head%20Do%20America%20Script.html
3,778,Pet Sematary,,1986,http://www.imsdb.com//scripts/Pet-Sematary.html,http://www.imsdb.com/Movie%20Scripts/Pet%20Sematary%20Script.html
4,697,Mission Impossible II,,Dec-94,http://www.imsdb.com//scripts/Mission-Impossible-II.html,http://www.imsdb.com/Movie%20Scripts/Mission%20Impossible%20II%20Script.html
5,909,"Sixth Sense, The",,,"http://www.imsdb.com//scripts/Sixth-Sense,-The.html","http://www.imsdb.com/Movie%20Scripts/Sixth%20Sense,%20The%20Script.html"
6,790,"Planet of the Apes, The",,,"http://www.imsdb.com//scripts/Planet-of-the-Apes,-The.html","http://www.imsdb.com/Movie%20Scripts/Planet%20of%20the%20Apes,%20The%20Script.html"
7,616,"Limey, The",,Aug-98,"http://www.imsdb.com//scripts/Limey,-The.html","http://www.imsdb.com/Movie%20Scripts/Limey,%20The%20Script.html"
8,766,Panic Room,,Feb-00,http://www.imsdb.com//scripts/Panic-Room.html,http://www.imsdb.com/Movie%20Scripts/Panic%20Room%20Script.html
9,1089,Willow,,,http://www.imsdb.com//scripts/Willow.html,http://www.imsdb.com/Movie%20Scripts/Willow%20Script.html
10,724,Natural Born Killers,,May-95,http://www.imsdb.com//scripts/Natural-Born-Killers.html,http://www.imsdb.com/Movie%20Scripts/Natural%20Born%20Killers%20Script.html
11,7,15 Minutes,,,http://www.imsdb.com//scripts/15-Minutes.html,http://www.imsdb.com/Movie%20Scripts/15%20Minutes%20Script.html
12,743,"Ninth Gate, The",,1999,"http://www.imsdb.com//scripts/Ninth-Gate,-The.html","http://www.imsdb.com/Movie%20Scripts/Ninth%20Gate,%20The%20Script.html"
13,721,Mystery Men,,Jun-97,http://www.imsdb.com//scripts/Mystery-Men.html,http://www.imsdb.com/Movie%20Scripts/Mystery%20Men%20Script.html
14,960,Sugar and Spice,,,http://www.imsdb.com//scripts/Sugar-and-Spice.html,http://www.imsdb.com/Movie%20Scripts/Sugar%20and%20Spice%20Script.html
15,857,Rush Hour,,,http://www.imsdb.com//scripts/Rush-Hour.html,http://www.imsdb.com/Movie%20Scripts/Rush%20Hour%20Script.html
16,172,Body of Evidence,,,http://www.imsdb.com//scripts/Body-of-Evidence.html,http://www.imsdb.com/Movie%20Scripts/Body%20of%20Evidence%20Script.html
17,1045,"Usual Suspects, The",,May-94,"http://www.imsdb.com//scripts/Usual-Suspects,-The.html","http://www.imsdb.com/Movie%20Scripts/Usual%20Suspects,%20The%20Script.html"
18,165,Blood Simple,,,http://www.imsdb.com//scripts/Blood-Simple.html,http://www.imsdb.com/Movie%20Scripts/Blood%20Simple%20Script.html
19,911,Sleepy Hollow,,Sep-98,http://www.imsdb.com//scripts/Sleepy-Hollow.html,http://www.imsdb.com/Movie%20Scripts/Sleepy%20Hollow%20Script.html
20,496,Highlander: Endgame,,Sep-99,http://www.imsdb.com//scripts/Highlander-Endgame.html,http://www.imsdb.com/Movie%20Scripts/Highlander:%20Endgame%20Script.html
21,991,They,,,http://www.imsdb.com//scripts/They.html,http://www.imsdb.com/Movie%20Scripts/They%20Script.html
22,196,Broadcast News,,,http://www.imsdb.com//scripts/Broadcast-News.html,http://www.imsdb.com/Movie%20Scripts/Broadcast%20News%20Script.html
23,1037,U Turn,,,http://www.imsdb.com//scripts/U-Turn.html,http://www.imsdb.com/Movie%20Scripts/U%20Turn%20Script.html
24,644,Made,,,http://www.imsdb.com//scripts/Made.html,http://www.imsdb.com/Movie%20Scripts/Made%20Script.html
25,61,American Pie,,Jul-98,http://www.imsdb.com//scripts/American-Pie.html,http://www.imsdb.com/Movie%20Scripts/American%20Pie%20Script.html
26,1093,Witness,,,http://www.imsdb.com//scripts/Witness.html,http://www.imsdb.com/Movie%20Scripts/Witness%20Script.html
27,689,Miller's Crossing,,,http://www.imsdb.com//scripts/Miller's-Crossing.html,http://www.imsdb.com/Movie%20Scripts/Miller's%20Crossing%20Script.html
28,36,Air Force One,,,http://www.imsdb.com//scripts/Air-Force-One.html,http://www.imsdb.com/Movie%20Scripts/Air%20Force%20One%20Script.html
29,122,Barton Fink,,,http://www.imsdb.com//scripts/Barton-Fink.html,http://www.imsdb.com/Movie%20Scripts/Barton%20Fink%20Script.html
30,12,25th Hour,,1-Apr,http://www.imsdb.com//scripts/25th-Hour.html,http://www.imsdb.com/Movie%20Scripts/25th%20Hour%20Script.html
31,398,Friday the 13th,,,http://www.imsdb.com//scripts/Friday-the-13th.html,http://www.imsdb.com/Movie%20Scripts/Friday%20the%2013th%20Script.html
32,126,Batman,,Oct-88,http://www.imsdb.com//scripts/Batman.html,http://www.imsdb.com/Movie%20Scripts/Batman%20Script.html
33,245,Clueless,,1995,http://www.imsdb.com//scripts/Clueless.html,http://www.imsdb.com/Movie%20Scripts/Clueless%20Script.html
34,345,Enemy of the State,,1998,http://www.imsdb.com//scripts/Enemy-of-the-State.html,http://www.imsdb.com/Movie%20Scripts/Enemy%20of%20the%20State%20Script.html
35,46,Aliens,,May-85,http://www.imsdb.com//scripts/Aliens.html,http://www.imsdb.com/Movie%20Scripts/Aliens%20Script.html
36,242,Clerks,,,http://www.imsdb.com//scripts/Clerks.html,http://www.imsdb.com/Movie%20Scripts/Clerks%20Script.html
37,162,"Blast from the Past, The",,,"http://www.imsdb.com//scripts/Blast-from-the-Past,-The.html","http://www.imsdb.com/Movie%20Scripts/Blast%20from%20the%20Past,%20The%20Script.html"
38,650,Man in the Iron Mask,,Sep-95,http://www.imsdb.com//scripts/Man-in-the-Iron-Mask.html,http://www.imsdb.com/Movie%20Scripts/Man%20in%20the%20Iron%20Mask%20Script.html
39,486,Hellraiser,,Nov-86,http://www.imsdb.com//scripts/Hellraiser.html,http://www.imsdb.com/Movie%20Scripts/Hellraiser%20Script.html
40,132,"Battle of Algiers, The",,,"http://www.imsdb.com//scripts/Battle-of-Algiers,-The.html","http://www.imsdb.com/Movie%20Scripts/Battle%20of%20Algiers,%20The%20Script.html"
41,1100,X-Men,,Feb-99,http://www.imsdb.com//scripts/X-Men.html,http://www.imsdb.com/Movie%20Scripts/X-Men%20Script.html
42,287,Dark Star,,,http://www.imsdb.com//scripts/Dark-Star.html,http://www.imsdb.com/Movie%20Scripts/Dark%20Star%20Script.html
43,127,Batman 2,,,http://www.imsdb.com//scripts/Batman-2.html,http://www.imsdb.com/Movie%20Scripts/Batman%202%20Script.html
44,504,"Horse Whisperer, The",,Jan-97,"http://www.imsdb.com//scripts/Horse-Whisperer,-The.html","http://www.imsdb.com/Movie%20Scripts/Horse%20Whisperer,%20The%20Script.html"
45,692,Minority Report,,1-May,http://www.imsdb.com//scripts/Minority-Report.html,http://www.imsdb.com/Movie%20Scripts/Minority%20Report%20Script.html
46,462,Hannah and Her Sisters,,,http://www.imsdb.com//scripts/Hannah-and-Her-Sisters.html,http://www.imsdb.com/Movie%20Scripts/Hannah%20and%20Her%20Sisters%20Script.html
47,1012,Tombstone,,Mar-93,http://www.imsdb.com//scripts/Tombstone.html,http://www.imsdb.com/Movie%20Scripts/Tombstone%20Script.html
48,602,Leaving Las Vegas,,Sep-94,http://www.imsdb.com//scripts/Leaving-Las-Vegas.html,http://www.imsdb.com/Movie%20Scripts/Leaving%20Las%20Vegas%20Script.html
49,630,Lord of Illusions,,Feb-94,http://www.imsdb.com//scripts/Lord-of-Illusions.html,http://www.imsdb.com/Movie%20Scripts/Lord%20of%20Illusions%20Script.html
50,684,Midnight Cowboy,,1969,http://www.imsdb.com//scripts/Midnight-Cowboy.html,http://www.imsdb.com/Movie%20Scripts/Midnight%20Cowboy%20Script.html
51,998,Three Kings,,Jun-98,http://www.imsdb.com//scripts/Three-Kings.html,http://www.imsdb.com/Movie%20Scripts/Three%20Kings%20Script.html
52,1030,True Romance,,,http://www.imsdb.com//scripts/True-Romance.html,http://www.imsdb.com/Movie%20Scripts/True%20Romance%20Script.html
53,277,Cruel Intentions,,Feb-98,http://www.imsdb.com//scripts/Cruel-Intentions.html,http://www.imsdb.com/Movie%20Scripts/Cruel%20Intentions%20Script.html
54,814,Punch-Drunk Love,,,http://www.imsdb.com//scripts/Punch-Drunk-Love.html,http://www.imsdb.com/Movie%20Scripts/Punch-Drunk%20Love%20Script.html
55,215,Casino,,,http://www.imsdb.com//scripts/Casino.html,http://www.imsdb.com/Movie%20Scripts/Casino%20Script.html
56,789,Pitch Black,,Mar-98,http://www.imsdb.com//scripts/Pitch-Black.html,http://www.imsdb.com/Movie%20Scripts/Pitch%20Black%20Script.html
57,989,Thelma & Louise,,Jun-90,http://www.imsdb.com//scripts/Thelma-&-Louise.html,http://www.imsdb.com/Movie%20Scripts/Thelma%20&%20Louise%20Script.html
58,858,Rush Hour 2,,,http://www.imsdb.com//scripts/Rush-Hour-2.html,http://www.imsdb.com/Movie%20Scripts/Rush%20Hour%202%20Script.html
59,260,Copycat,,,http://www.imsdb.com//scripts/Copycat.html,http://www.imsdb.com/Movie%20Scripts/Copycat%20Script.html
60,933,Sphere,,,http://www.imsdb.com//scripts/Sphere.html,http://www.imsdb.com/Movie%20Scripts/Sphere%20Script.html
61,553,Jacob's Ladder,,,http://www.imsdb.com//scripts/Jacob's-Ladder.html,http://www.imsdb.com/Movie%20Scripts/Jacob's%20Ladder%20Script.html
62,583,Klute,,,http://www.imsdb.com//scripts/Klute.html,http://www.imsdb.com/Movie%20Scripts/Klute%20Script.html
63,278,Crying Game,,,http://www.imsdb.com//scripts/Crying-Game.html,http://www.imsdb.com/Movie%20Scripts/Crying%20Game%20Script.html
64,402,From Dusk Till Dawn,,,http://www.imsdb.com//scripts/From-Dusk-Till-Dawn.html,http://www.imsdb.com/Movie%20Scripts/From%20Dusk%20Till%20Dawn%20Script.html
65,531,Indiana Jones IV,,Feb-95,http://www.imsdb.com//scripts/Indiana-Jones-IV.html,http://www.imsdb.com/Movie%20Scripts/Indiana%20Jones%20IV%20Script.html
66,869,Scary Movie 2,,,http://www.imsdb.com//scripts/Scary-Movie-2.html,http://www.imsdb.com/Movie%20Scripts/Scary%20Movie%202%20Script.html
67,480,Heavy Metal,,Jul-80,http://www.imsdb.com//scripts/Heavy-Metal.html,http://www.imsdb.com/Movie%20Scripts/Heavy%20Metal%20Script.html
68,738,Nightmare on Elm Street: The Final Chapter,,,http://www.imsdb.com//scripts/Nightmare-on-Elm-Street-The-Final-Chapter.html,http://www.imsdb.com/Movie%20Scripts/Nightmare%20on%20Elm%20Street:%20The%20Final%20Chapter%20Script.html
69,746,Nurse Betty,,Mar-99,http://www.imsdb.com//scripts/Nurse-Betty.html,http://www.imsdb.com/Movie%20Scripts/Nurse%20Betty%20Script.html
70,4,12 Monkeys,,Jun-94,http://www.imsdb.com//scripts/12-Monkeys.html,http://www.imsdb.com/Movie%20Scripts/12%20Monkeys%20Script.html
71,730,Next Friday,,,http://www.imsdb.com//scripts/Next-Friday.html,http://www.imsdb.com/Movie%20Scripts/Next%20Friday%20Script.html
72,373,Fear and Loathing in Las Vegas,,,http://www.imsdb.com//scripts/Fear-and-Loathing-in-Las-Vegas.html,http://www.imsdb.com/Movie%20Scripts/Fear%20and%20Loathing%20in%20Las%20Vegas%20Script.html
73,999,Three Kings (Spoils of War),,Jul-95,http://www.imsdb.com//scripts/Three-Kings-(Spoils-of-War).html,http://www.imsdb.com/Movie%20Scripts/Three%20Kings%20(Spoils%20of%20War)%20Script.html
74,1086,Wild Things,,Jan-97,http://www.imsdb.com//scripts/Wild-Things.html,http://www.imsdb.com/Movie%20Scripts/Wild%20Things%20Script.html
75,612,Life As A House,,,http://www.imsdb.com//scripts/Life-As-A-House.html,http://www.imsdb.com/Movie%20Scripts/Life%20As%20A%20House%20Script.html
76,192,"Breakfast Club, The",,,"http://www.imsdb.com//scripts/Breakfast-Club,-The.html","http://www.imsdb.com/Movie%20Scripts/Breakfast%20Club,%20The%20Script.html"
77,838,Return of the Apes,,,http://www.imsdb.com//scripts/Return-of-the-Apes.html,http://www.imsdb.com/Movie%20Scripts/Return%20of%20the%20Apes%20Script.html
78,201,Buffy the Vampire Slayer,,,http://www.imsdb.com//scripts/Buffy-the-Vampire-Slayer.html,http://www.imsdb.com/Movie%20Scripts/Buffy%20the%20Vampire%20Slayer%20Script.html
79,380,Final Destination,,Jan-99,http://www.imsdb.com//scripts/Final-Destination.html,http://www.imsdb.com/Movie%20Scripts/Final%20Destination%20Script.html
80,828,Red Planet,,,http://www.imsdb.com//scripts/Red-Planet.html,http://www.imsdb.com/Movie%20Scripts/Red%20Planet%20Script.html
81,239,Citizen Kane,,,http://www.imsdb.com//scripts/Citizen-Kane.html,http://www.imsdb.com/Movie%20Scripts/Citizen%20Kane%20Script.html
82,303,"Deer Hunter, The",,,"http://www.imsdb.com//scripts/Deer-Hunter,-The.html","http://www.imsdb.com/Movie%20Scripts/Deer%20Hunter,%20The%20Script.html"
83,890,Shampoo,,,http://www.imsdb.com//scripts/Shampoo.html,http://www.imsdb.com/Movie%20Scripts/Shampoo%20Script.html
84,412,"Game, The",,Feb-96,"http://www.imsdb.com//scripts/Game,-The.html","http://www.imsdb.com/Movie%20Scripts/Game,%20The%20Script.html"
85,696,Mission Impossible,,Aug-95,http://www.imsdb.com//scripts/Mission-Impossible.html,http://www.imsdb.com/Movie%20Scripts/Mission%20Impossible%20Script.html
86,891,"Shawshank Redemption, The",,,"http://www.imsdb.com//scripts/Shawshank-Redemption,-The.html","http://www.imsdb.com/Movie%20Scripts/Shawshank%20Redemption,%20The%20Script.html"
87,645,Magnolia,,Nov-98,http://www.imsdb.com//scripts/Magnolia.html,http://www.imsdb.com/Movie%20Scripts/Magnolia%20Script.html
88,279,Cube,,1997,http://www.imsdb.com//scripts/Cube.html,http://www.imsdb.com/Movie%20Scripts/Cube%20Script.html
89,174,Bones,,,http://www.imsdb.com//scripts/Bones.html,http://www.imsdb.com/Movie%20Scripts/Bones%20Script.html
90,441,Good Will Hunting,,,http://www.imsdb.com//scripts/Good-Will-Hunting.html,http://www.imsdb.com/Movie%20Scripts/Good%20Will%20Hunting%20Script.html
91,785,"Piano, The",,1991,"http://www.imsdb.com//scripts/Piano,-The.html","http://www.imsdb.com/Movie%20Scripts/Piano,%20The%20Script.html"
92,799,Predator,,Jan-87,http://www.imsdb.com//scripts/Predator.html,http://www.imsdb.com/Movie%20Scripts/Predator%20Script.html
93,395,Freddy vs. Jason,,,http://www.imsdb.com//scripts/Freddy-vs.-Jason.html,http://www.imsdb.com/Movie%20Scripts/Freddy%20vs.%20Jason%20Script.html
94,166,Blow,1-Apr,,http://www.imsdb.com//scripts/Blow.html,http://www.imsdb.com/Movie%20Scripts/Blow%20Script.html
95,945,Star Wars: Revenge of the Sith,5-May,,http://www.imsdb.com//scripts/Star-Wars-Revenge-of-the-Sith.html,http://www.imsdb.com/Movie%20Scripts/Star%20Wars:%20Revenge%20of%20the%20Sith%20Script.html
96,85,Apt Pupil,,Apr-96,http://www.imsdb.com//scripts/Apt-Pupil.html,http://www.imsdb.com/Movie%20Scripts/Apt%20Pupil%20Script.html
97,81,"Apartment, The",,,"http://www.imsdb.com//scripts/Apartment,-The.html","http://www.imsdb.com/Movie%20Scripts/Apartment,%20The%20Script.html"
98,569,Jurassic Park III,,,http://www.imsdb.com//scripts/Jurassic-Park-III.html,http://www.imsdb.com/Movie%20Scripts/Jurassic%20Park%20III%20Script.html
99,849,Rocky,,Jan-76,http://www.imsdb.com//scripts/Rocky.html,http://www.imsdb.com/Movie%20Scripts/Rocky%20Script.html
100,912,Sling Blade,,,http://www.imsdb.com//scripts/Sling-Blade.html,http://www.imsdb.com/Movie%20Scripts/Sling%20Blade%20Script.html
101,66,American Werewolf in London,,,http://www.imsdb.com//scripts/American-Werewolf-in-London.html,http://www.imsdb.com/Movie%20Scripts/American%20Werewolf%20in%20London%20Script.html
102,148,"Big Blue, The",,,"http://www.imsdb.com//scripts/Big-Blue,-The.html","http://www.imsdb.com/Movie%20Scripts/Big%20Blue,%20The%20Script.html"
103,902,Signs,,,http://www.imsdb.com//scripts/Signs.html,http://www.imsdb.com/Movie%20Scripts/Signs%20Script.html
104,438,Godzilla,,1996,http://www.imsdb.com//scripts/Godzilla.html,http://www.imsdb.com/Movie%20Scripts/Godzilla%20Script.html
105,367,"Family Man, The",,,"http://www.imsdb.com//scripts/Family-Man,-The.html","http://www.imsdb.com/Movie%20Scripts/Family%20Man,%20The%20Script.html"
106,821,Raising Arizona,,,http://www.imsdb.com//scripts/Raising-Arizona.html,http://www.imsdb.com/Movie%20Scripts/Raising%20Arizona%20Script.html
107,437,Gods and Monsters,,May-97,http://www.imsdb.com//scripts/Gods-and-Monsters.html,http://www.imsdb.com/Movie%20Scripts/Gods%20and%20Monsters%20Script.html
108,396,"French Connection, The",,Apr-71,"http://www.imsdb.com//scripts/French-Connection,-The.html","http://www.imsdb.com/Movie%20Scripts/French%20Connection,%20The%20Script.html"
109,548,It's a Wonderful Life,,,http://www.imsdb.com//scripts/It's-a-Wonderful-Life.html,http://www.imsdb.com/Movie%20Scripts/It's%20a%20Wonderful%20Life%20Script.html
110,837,Resident Evil,,2000,http://www.imsdb.com//scripts/Resident-Evil.html,http://www.imsdb.com/Movie%20Scripts/Resident%20Evil%20Script.html
111,389,Four Feathers,,,http://www.imsdb.com//scripts/Four-Feathers.html,http://www.imsdb.com/Movie%20Scripts/Four%20Feathers%20Script.html
112,994,Thirteen Days,,,http://www.imsdb.com//scripts/Thirteen-Days.html,http://www.imsdb.com/Movie%20Scripts/Thirteen%20Days%20Script.html
113,803,"Princess Bride, The",,1987,"http://www.imsdb.com//scripts/Princess-Bride,-The.html","http://www.imsdb.com/Movie%20Scripts/Princess%20Bride,%20The%20Script.html"
114,527,Independence Day,,,http://www.imsdb.com//scripts/Independence-Day.html,http://www.imsdb.com/Movie%20Scripts/Independence%20Day%20Script.html
115,565,John Q,,,http://www.imsdb.com//scripts/John-Q.html,http://www.imsdb.com/Movie%20Scripts/John%20Q%20Script.html
116,348,Entrapment,,Dec-96,http://www.imsdb.com//scripts/Entrapment.html,http://www.imsdb.com/Movie%20Scripts/Entrapment%20Script.html
117,759,Orgy of the Dead,,,http://www.imsdb.com//scripts/Orgy-of-the-Dead.html,http://www.imsdb.com/Movie%20Scripts/Orgy%20of%20the%20Dead%20Script.html
118,779,Pet Sematary II,,Jan-91,http://www.imsdb.com//scripts/Pet-Sematary-II.html,http://www.imsdb.com/Movie%20Scripts/Pet%20Sematary%20II%20Script.html
119,710,Mrs. Brown,,,http://www.imsdb.com//scripts/Mrs.-Brown.html,http://www.imsdb.com/Movie%20Scripts/Mrs.%20Brown%20Script.html
120,538,Interview with the Vampire,,,http://www.imsdb.com//scripts/Interview-with-the-Vampire.html,http://www.imsdb.com/Movie%20Scripts/Interview%20with%20the%20Vampire%20Script.html
121,1081,Who Framed Roger Rabbit?,,Sep-86,http://www.imsdb.com//scripts/Who-Framed-Roger-Rabbit%3f.html,http://www.imsdb.com/Movie%20Scripts/Who%20Framed%20Roger%20Rabbit?%20Script.html
122,950,State and Main,,Sep-99,http://www.imsdb.com//scripts/State-and-Main.html,http://www.imsdb.com/Movie%20Scripts/State%20and%20Main%20Script.html
123,535,"Insider, The",,Nov-99,"http://www.imsdb.com//scripts/Insider,-The.html","http://www.imsdb.com/Movie%20Scripts/Insider,%20The%20Script.html"
124,983,Taxi Driver,,,http://www.imsdb.com//scripts/Taxi-Driver.html,http://www.imsdb.com/Movie%20Scripts/Taxi%20Driver%20Script.html
125,448,"Grapes of Wrath, The",,,"http://www.imsdb.com//scripts/Grapes-of-Wrath,-The.html","http://www.imsdb.com/Movie%20Scripts/Grapes%20of%20Wrath,%20The%20Script.html"
126,552,Jackie Brown,,Mar-97,http://www.imsdb.com//scripts/Jackie-Brown.html,http://www.imsdb.com/Movie%20Scripts/Jackie%20Brown%20Script.html
127,980,"Talented Mr. Ripley, The",,Nov-99,"http://www.imsdb.com//scripts/Talented-Mr.-Ripley,-The.html","http://www.imsdb.com/Movie%20Scripts/Talented%20Mr.%20Ripley,%20The%20Script.html"
128,1056,Wag the Dog,,Oct-96,http://www.imsdb.com//scripts/Wag-the-Dog.html,http://www.imsdb.com/Movie%20Scripts/Wag%20the%20Dog%20Script.html
129,364,"Fabulous Baker Boys, The",,Apr-85,"http://www.imsdb.com//scripts/Fabulous-Baker-Boys,-The.html","http://www.imsdb.com/Movie%20Scripts/Fabulous%20Baker%20Boys,%20The%20Script.html"
130,1083,Wild At Heart,,,http://www.imsdb.com//scripts/Wild-At-Heart.html,http://www.imsdb.com/Movie%20Scripts/Wild%20At%20Heart%20Script.html
131,150,"Big Lebowski, The",,,"http://www.imsdb.com//scripts/Big-Lebowski,-The.html","http://www.imsdb.com/Movie%20Scripts/Big%20Lebowski,%20The%20Script.html"
132,903,Silence of the Lambs,,,http://www.imsdb.com//scripts/Silence-of-the-Lambs.html,http://www.imsdb.com/Movie%20Scripts/Silence%20of%20the%20Lambs%20Script.html
133,83,Apollo 13,,1995,http://www.imsdb.com//scripts/Apollo-13.html,http://www.imsdb.com/Movie%20Scripts/Apollo%2013%20Script.html
134,820,Raging Bull,,,http://www.imsdb.com//scripts/Raging-Bull.html,http://www.imsdb.com/Movie%20Scripts/Raging%20Bull%20Script.html
135,100,Austin Powers - The Spy Who Shagged Me,,,http://www.imsdb.com//scripts/Austin-Powers---The-Spy-Who-Shagged-Me.html,http://www.imsdb.com/Movie%20Scripts/Austin%20Powers%20-%20The%20Spy%20Who%20Shagged%20Me%20Script.html
136,371,Fast Times at Ridgemont High,,,http://www.imsdb.com//scripts/Fast-Times-at-Ridgemont-High.html,http://www.imsdb.com/Movie%20Scripts/Fast%20Times%20at%20Ridgemont%20High%20Script.html
137,772,Pearl Harbor,,,http://www.imsdb.com//scripts/Pearl-Harbor.html,http://www.imsdb.com/Movie%20Scripts/Pearl%20Harbor%20Script.html
138,354,Eternal Sunshine of the Spotless Mind,4-Mar,3-Mar,http://www.imsdb.com//scripts/Eternal-Sunshine-of-the-Spotless-Mind.html,http://www.imsdb.com/Movie%20Scripts/Eternal%20Sunshine%20of%20the%20Spotless%20Mind%20Script.html
139,204,Burlesque,10-Nov,9-Feb,http://www.imsdb.com//scripts/Burlesque.html,http://www.imsdb.com/Movie%20Scripts/Burlesque%20Script.html
140,63,American Psycho,,,http://www.imsdb.com//scripts/American-Psycho.html,http://www.imsdb.com/Movie%20Scripts/American%20Psycho%20Script.html
141,483,Hellbound: Hellraiser II,,Mar-00,http://www.imsdb.com//scripts/Hellbound-Hellraiser-II.html,http://www.imsdb.com/Movie%20Scripts/Hellbound:%20Hellraiser%20II%20Script.html
142,866,Saving Private Ryan,,,http://www.imsdb.com//scripts/Saving-Private-Ryan.html,http://www.imsdb.com/Movie%20Scripts/Saving%20Private%20Ryan%20Script.html
143,399,Friday the 13th Part VIII: Jason Takes Manhattan,,,http://www.imsdb.com//scripts/Friday-the-13th-Part-VIII-Jason-Takes-Manhattan.html,http://www.imsdb.com/Movie%20Scripts/Friday%20the%2013th%20Part%20VIII:%20Jason%20Takes%20Manhattan%20Script.html
144,423,"Ghost and the Darkness, The",,,"http://www.imsdb.com//scripts/Ghost-and-the-Darkness,-The.html","http://www.imsdb.com/Movie%20Scripts/Ghost%20and%20the%20Darkness,%20The%20Script.html"
145,623,Little Nicky,,,http://www.imsdb.com//scripts/Little-Nicky.html,http://www.imsdb.com/Movie%20Scripts/Little%20Nicky%20Script.html
146,781,Philadelphia,,Sep-92,http://www.imsdb.com//scripts/Philadelphia.html,http://www.imsdb.com/Movie%20Scripts/Philadelphia%20Script.html
147,41,Alien,,Jun-78,http://www.imsdb.com//scripts/Alien.html,http://www.imsdb.com/Movie%20Scripts/Alien%20Script.html
148,852,Ronin,,May-97,http://www.imsdb.com//scripts/Ronin.html,http://www.imsdb.com/Movie%20Scripts/Ronin%20Script.html
149,432,Glengarry Glen Gross,,,http://www.imsdb.com//scripts/Glengarry-Glen-Gross.html,http://www.imsdb.com/Movie%20Scripts/Glengarry%20Glen%20Gross%20Script.html
150,904,Silver Bullet,,,http://www.imsdb.com//scripts/Silver-Bullet.html,http://www.imsdb.com/Movie%20Scripts/Silver%20Bullet%20Script.html
151,142,Being There,,Jan-79,http://www.imsdb.com//scripts/Being-There.html,http://www.imsdb.com/Movie%20Scripts/Being%20There%20Script.html
152,973,Swingers,,Dec-94,http://www.imsdb.com//scripts/Swingers.html,http://www.imsdb.com/Movie%20Scripts/Swingers%20Script.html
153,141,Being John Malkovich,,,http://www.imsdb.com//scripts/Being-John-Malkovich.html,http://www.imsdb.com/Movie%20Scripts/Being%20John%20Malkovich%20Script.html
154,640,Love and Basketball,,,http://www.imsdb.com//scripts/Love-and-Basketball.html,http://www.imsdb.com/Movie%20Scripts/Love%20and%20Basketball%20Script.html
155,189,Brazil,,,http://www.imsdb.com//scripts/Brazil.html,http://www.imsdb.com/Movie%20Scripts/Brazil%20Script.html
156,302,Deep Rising,,Jan-96,http://www.imsdb.com//scripts/Deep-Rising.html,http://www.imsdb.com/Movie%20Scripts/Deep%20Rising%20Script.html
157,53,Amadeus,,,http://www.imsdb.com//scripts/Amadeus.html,http://www.imsdb.com/Movie%20Scripts/Amadeus%20Script.html
158,318,Dog Day Afternoon,,,http://www.imsdb.com//scripts/Dog-Day-Afternoon.html,http://www.imsdb.com/Movie%20Scripts/Dog%20Day%20Afternoon%20Script.html
159,823,Rambo: First Blood II: The Mission,,Dec-83,http://www.imsdb.com//scripts/Rambo-First-Blood-II-The-Mission.html,http://www.imsdb.com/Movie%20Scripts/Rambo:%20First%20Blood%20II:%20The%20Mission%20Script.html
160,378,Fight Club,,Feb-98,http://www.imsdb.com//scripts/Fight-Club.html,http://www.imsdb.com/Movie%20Scripts/Fight%20Club%20Script.html
161,452,"Grifters, The",,Mar-89,"http://www.imsdb.com//scripts/Grifters,-The.html","http://www.imsdb.com/Movie%20Scripts/Grifters,%20The%20Script.html"
162,434,Godfather,,Mar-71,http://www.imsdb.com//scripts/Godfather.html,http://www.imsdb.com/Movie%20Scripts/Godfather%20Script.html
163,420,Get Shorty,,,http://www.imsdb.com//scripts/Get-Shorty.html,http://www.imsdb.com/Movie%20Scripts/Get%20Shorty%20Script.html
164,1018,Traffic,,,http://www.imsdb.com//scripts/Traffic.html,http://www.imsdb.com/Movie%20Scripts/Traffic%20Script.html
165,512,Hudson Hawk,,Jun-90,http://www.imsdb.com//scripts/Hudson-Hawk.html,http://www.imsdb.com/Movie%20Scripts/Hudson%20Hawk%20Script.html
166,337,Ed TV,,Jul-97,http://www.imsdb.com//scripts/Ed-TV.html,http://www.imsdb.com/Movie%20Scripts/Ed%20TV%20Script.html
167,96,Assassins,,Aug-94,http://www.imsdb.com//scripts/Assassins.html,http://www.imsdb.com/Movie%20Scripts/Assassins%20Script.html
168,955,Storytelling,,,http://www.imsdb.com//scripts/Storytelling.html,http://www.imsdb.com/Movie%20Scripts/Storytelling%20Script.html
169,98,At First Sight,,,http://www.imsdb.com//scripts/At-First-Sight.html,http://www.imsdb.com/Movie%20Scripts/At%20First%20Sight%20Script.html
170,805,"Producer, The",,Mar-67,"http://www.imsdb.com//scripts/Producer,-The.html","http://www.imsdb.com/Movie%20Scripts/Producer,%20The%20Script.html"
171,895,"Shining, The",,,"http://www.imsdb.com//scripts/Shining,-The.html","http://www.imsdb.com/Movie%20Scripts/Shining,%20The%20Script.html"
172,51,Almost Famous,,Dec-98,http://www.imsdb.com//scripts/Almost-Famous.html,http://www.imsdb.com/Movie%20Scripts/Almost%20Famous%20Script.html
173,293,"Day the Clown Cried, The",,,"http://www.imsdb.com//scripts/Day-the-Clown-Cried,-The.html","http://www.imsdb.com/Movie%20Scripts/Day%20the%20Clown%20Cried,%20The%20Script.html"
174,342,Election,,Jul-97,http://www.imsdb.com//scripts/Election.html,http://www.imsdb.com/Movie%20Scripts/Election%20Script.html
175,76,Annie Hall,,,http://www.imsdb.com//scripts/Annie-Hall.html,http://www.imsdb.com/Movie%20Scripts/Annie%20Hall%20Script.html
176,811,Psycho,,Dec-59,http://www.imsdb.com//scripts/Psycho.html,http://www.imsdb.com/Movie%20Scripts/Psycho%20Script.html
177,425,Ghost Ship,,,http://www.imsdb.com//scripts/Ghost-Ship.html,http://www.imsdb.com/Movie%20Scripts/Ghost%20Ship%20Script.html
178,397,Frequency,,,http://www.imsdb.com//scripts/Frequency.html,http://www.imsdb.com/Movie%20Scripts/Frequency%20Script.html
179,1092,Withnail and I,,,http://www.imsdb.com//scripts/Withnail-and-I.html,http://www.imsdb.com/Movie%20Scripts/Withnail%20and%20I%20Script.html
180,77,"Anniversary Party, The",,,"http://www.imsdb.com//scripts/Anniversary-Party,-The.html","http://www.imsdb.com/Movie%20Scripts/Anniversary%20Party,%20The%20Script.html"
181,388,Forrest Gump,,,http://www.imsdb.com//scripts/Forrest-Gump.html,http://www.imsdb.com/Movie%20Scripts/Forrest%20Gump%20Script.html
182,370,Fargo,,,http://www.imsdb.com//scripts/Fargo.html,http://www.imsdb.com/Movie%20Scripts/Fargo%20Script.html
183,521,"Ice Storm, The",,Jan-96,"http://www.imsdb.com//scripts/Ice-Storm,-The.html","http://www.imsdb.com/Movie%20Scripts/Ice%20Storm,%20The%20Script.html"
184,725,Never Been Kissed,,Jun-98,http://www.imsdb.com//scripts/Never-Been-Kissed.html,http://www.imsdb.com/Movie%20Scripts/Never%20Been%20Kissed%20Script.html
185,1019,Training Day,,1-Mar,http://www.imsdb.com//scripts/Training-Day.html,http://www.imsdb.com/Movie%20Scripts/Training%20Day%20Script.html
186,27,Ace Ventura: Pet Detective,,,http://www.imsdb.com//scripts/Ace-Ventura-Pet-Detective.html,http://www.imsdb.com/Movie%20Scripts/Ace%20Ventura:%20Pet%20Detective%20Script.html
187,627,Lone Star,,,http://www.imsdb.com//scripts/Lone-Star.html,http://www.imsdb.com/Movie%20Scripts/Lone%20Star%20Script.html
188,351,Erin Brockovich,,Mar-99,http://www.imsdb.com//scripts/Erin-Brockovich.html,http://www.imsdb.com/Movie%20Scripts/Erin%20Brockovich%20Script.html
189,971,"Sweet Hereafter, The",,,"http://www.imsdb.com//scripts/Sweet-Hereafter,-The.html","http://www.imsdb.com/Movie%20Scripts/Sweet%20Hereafter,%20The%20Script.html"
190,222,"Cell, The",,,"http://www.imsdb.com//scripts/Cell,-The.html","http://www.imsdb.com/Movie%20Scripts/Cell,%20The%20Script.html"
191,940,Star Trek: Nemesis,,,http://www.imsdb.com//scripts/Star-Trek-Nemesis.html,http://www.imsdb.com/Movie%20Scripts/Star%20Trek:%20Nemesis%20Script.html
192,341,El Mariachi,Feb-93,,http://www.imsdb.com//scripts/El-Mariachi.html,http://www.imsdb.com/Movie%20Scripts/El%20Mariachi%20Script.html
193,426,Ghost World,,,http://www.imsdb.com//scripts/Ghost-World.html,http://www.imsdb.com/Movie%20Scripts/Ghost%20World%20Script.html
194,328,Drop Dead Gorgeous,,,http://www.imsdb.com//scripts/Drop-Dead-Gorgeous.html,http://www.imsdb.com/Movie%20Scripts/Drop%20Dead%20Gorgeous%20Script.html
195,571,Kafka,,,http://www.imsdb.com//scripts/Kafka.html,http://www.imsdb.com/Movie%20Scripts/Kafka%20Script.html
196,556,Jason X,,,http://www.imsdb.com//scripts/Jason-X.html,http://www.imsdb.com/Movie%20Scripts/Jason%20X%20Script.html
197,1095,Wonder Boys,,,http://www.imsdb.com//scripts/Wonder-Boys.html,http://www.imsdb.com/Movie%20Scripts/Wonder%20Boys%20Script.html
198,657,Manhunter,,Jul-84,http://www.imsdb.com//scripts/Manhunter.html,http://www.imsdb.com/Movie%20Scripts/Manhunter%20Script.html
199,330,Duck Soup,,,http://www.imsdb.com//scripts/Duck-Soup.html,http://www.imsdb.com/Movie%20Scripts/Duck%20Soup%20Script.html
200,938,Star Trek: First Contact,,Sep-95,http://www.imsdb.com//scripts/Star-Trek-First-Contact.html,http://www.imsdb.com/Movie%20Scripts/Star%20Trek:%20First%20Contact%20Script.html
201,2,12,,,http://www.imsdb.com//scripts/12.html,http://www.imsdb.com/Movie%20Scripts/12%20Script.html
202,831,"Relic, The",,Mar-95,"http://www.imsdb.com//scripts/Relic,-The.html","http://www.imsdb.com/Movie%20Scripts/Relic,%20The%20Script.html"
203,103,"Avengers, The",,Jun-95,"http://www.imsdb.com//scripts/Avengers,-The.html","http://www.imsdb.com/Movie%20Scripts/Avengers,%20The%20Script.html"
204,383,Five Easy Pieces,,,http://www.imsdb.com//scripts/Five-Easy-Pieces.html,http://www.imsdb.com/Movie%20Scripts/Five%20Easy%20Pieces%20Script.html
205,294,"Day the Earth Stood Still, The",,Feb-51,"http://www.imsdb.com//scripts/Day-the-Earth-Stood-Still,-The.html","http://www.imsdb.com/Movie%20Scripts/Day%20the%20Earth%20Stood%20Still,%20The%20Script.html"
206,218,Catwoman,4-Jul,3-Feb,http://www.imsdb.com//scripts/Catwoman.html,http://www.imsdb.com/Movie%20Scripts/Catwoman%20Script.html
207,229,Chasing Amy,,,http://www.imsdb.com//scripts/Chasing-Amy.html,http://www.imsdb.com/Movie%20Scripts/Chasing%20Amy%20Script.html
208,464,"Happy Birthday, Wanda June",,,"http://www.imsdb.com//scripts/Happy-Birthday,-Wanda-June.html","http://www.imsdb.com/Movie%20Scripts/Happy%20Birthday,%20Wanda%20June%20Script.html"
209,587,L.A. Confidential,,Nov-95,http://www.imsdb.com//scripts/L.A.-Confidential.html,http://www.imsdb.com/Movie%20Scripts/L.A.%20Confidential%20Script.html
210,275,"Crow, The",,Sep-92,"http://www.imsdb.com//scripts/Crow,-The.html","http://www.imsdb.com/Movie%20Scripts/Crow,%20The%20Script.html"
211,929,Spare Me,,Aug-91,http://www.imsdb.com//scripts/Spare-Me.html,http://www.imsdb.com/Movie%20Scripts/Spare%20Me%20Script.html
212,1106,You've Got Mail,,Feb-98,http://www.imsdb.com//scripts/You've-Got-Mail.html,http://www.imsdb.com/Movie%20Scripts/You've%20Got%20Mail%20Script.html
213,453,Grosse Point Blank,,May-94,http://www.imsdb.com//scripts/Grosse-Point-Blank.html,http://www.imsdb.com/Movie%20Scripts/Grosse%20Point%20Blank%20Script.html
214,358,Evil Dead II: Dead by Dawn,,May-86,http://www.imsdb.com//scripts/Evil-Dead-II-Dead-by-Dawn.html,http://www.imsdb.com/Movie%20Scripts/Evil%20Dead%20II:%20Dead%20by%20Dawn%20Script.html
215,1059,Wall Street,,Mar-87,http://www.imsdb.com//scripts/Wall-Street.html,http://www.imsdb.com/Movie%20Scripts/Wall%20Street%20Script.html
216,722,Napoleon Dynamite,4-Jun,,http://www.imsdb.com//scripts/Napoleon-Dynamite.html,http://www.imsdb.com/Movie%20Scripts/Napoleon%20Dynamite%20Script.html
217,375,Ferris Bueller's Day Off,,Jul-85,http://www.imsdb.com//scripts/Ferris-Bueller's-Day-Off.html,http://www.imsdb.com/Movie%20Scripts/Ferris%20Bueller's%20Day%20Off%20Script.html
218,665,Mary Poppins,,1964,http://www.imsdb.com//scripts/Mary-Poppins.html,http://www.imsdb.com/Movie%20Scripts/Mary%20Poppins%20Script.html
219,124,Basic Instinct,,,http://www.imsdb.com//scripts/Basic-Instinct.html,http://www.imsdb.com/Movie%20Scripts/Basic%20Instinct%20Script.html
220,870,Schindler's List,,,http://www.imsdb.com//scripts/Schindler's-List.html,http://www.imsdb.com/Movie%20Scripts/Schindler's%20List%20Script.html
221,155,Black Rain,,Nov-87,http://www.imsdb.com//scripts/Black-Rain.html,http://www.imsdb.com/Movie%20Scripts/Black%20Rain%20Script.html
222,840,Ringu,,1998,http://www.imsdb.com//scripts/Ringu.html,http://www.imsdb.com/Movie%20Scripts/Ringu%20Script.html
223,152,"Birds, The",,Mar-62,"http://www.imsdb.com//scripts/Birds,-The.html","http://www.imsdb.com/Movie%20Scripts/Birds,%20The%20Script.html"
224,827,Rebel Without A Cause,,,http://www.imsdb.com//scripts/Rebel-Without-A-Cause.html,http://www.imsdb.com/Movie%20Scripts/Rebel%20Without%20A%20Cause%20Script.html
225,792,Platoon,,,http://www.imsdb.com//scripts/Platoon.html,http://www.imsdb.com/Movie%20Scripts/Platoon%20Script.html
226,463,Hannibal,,Feb-00,http://www.imsdb.com//scripts/Hannibal.html,http://www.imsdb.com/Movie%20Scripts/Hannibal%20Script.html
227,585,Kundun,,Oct-92,http://www.imsdb.com//scripts/Kundun.html,http://www.imsdb.com/Movie%20Scripts/Kundun%20Script.html
228,862,"Saint, The",,Feb-95,"http://www.imsdb.com//scripts/Saint,-The.html","http://www.imsdb.com/Movie%20Scripts/Saint,%20The%20Script.html"
229,690,Mimic,,Jun-96,http://www.imsdb.com//scripts/Mimic.html,http://www.imsdb.com/Movie%20Scripts/Mimic%20Script.html
230,47,All About Eve,,,http://www.imsdb.com//scripts/All-About-Eve.html,http://www.imsdb.com/Movie%20Scripts/All%20About%20Eve%20Script.html
231,941,Star Trek: The Motion Picture,,Jul-78,http://www.imsdb.com//scripts/Star-Trek-The-Motion-Picture.html,http://www.imsdb.com/Movie%20Scripts/Star%20Trek:%20The%20Motion%20Picture%20Script.html
232,1099,"X-Files: Fight the Future, The",,Jun-97,"http://www.imsdb.com//scripts/X-Files-Fight-the-Future,-The.html","http://www.imsdb.com/Movie%20Scripts/X-Files:%20Fight%20the%20Future,%20The%20Script.html"
233,406,"Fugitive, The",,Feb-92,"http://www.imsdb.com//scripts/Fugitive,-The.html","http://www.imsdb.com/Movie%20Scripts/Fugitive,%20The%20Script.html"
234,26,"Abyss, The",,Aug-88,"http://www.imsdb.com//scripts/Abyss,-The.html","http://www.imsdb.com/Movie%20Scripts/Abyss,%20The%20Script.html"
235,95,As Good As It Gets,,,http://www.imsdb.com//scripts/As-Good-As-It-Gets.html,http://www.imsdb.com/Movie%20Scripts/As%20Good%20As%20It%20Gets%20Script.html
236,782,Phone Booth,,2-Nov,http://www.imsdb.com//scripts/Phone-Booth.html,http://www.imsdb.com/Movie%20Scripts/Phone%20Booth%20Script.html
237,1014,Top Gun,,Apr-85,http://www.imsdb.com//scripts/Top-Gun.html,http://www.imsdb.com/Movie%20Scripts/Top%20Gun%20Script.html
238,296,Dead Poets Society,,,http://www.imsdb.com//scripts/Dead-Poets-Society.html,http://www.imsdb.com/Movie%20Scripts/Dead%20Poets%20Society%20Script.html
239,417,Gattaca,,,http://www.imsdb.com//scripts/Gattaca.html,http://www.imsdb.com/Movie%20Scripts/Gattaca%20Script.html
240,816,Quantum Project,,,http://www.imsdb.com//scripts/Quantum-Project.html,http://www.imsdb.com/Movie%20Scripts/Quantum%20Project%20Script.html
241,526,"Incredibles, The",4-Nov,,"http://www.imsdb.com//scripts/Incredibles,-The.html","http://www.imsdb.com/Movie%20Scripts/Incredibles,%20The%20Script.html"
242,755,Omega Man,,Jul-70,http://www.imsdb.com//scripts/Omega-Man.html,http://www.imsdb.com/Movie%20Scripts/Omega%20Man%20Script.html
243,880,Serial Mom,,Jul-92,http://www.imsdb.com//scripts/Serial-Mom.html,http://www.imsdb.com/Movie%20Scripts/Serial%20Mom%20Script.html
244,237,Cinema Paradiso,,,http://www.imsdb.com//scripts/Cinema-Paradiso.html,http://www.imsdb.com/Movie%20Scripts/Cinema%20Paradiso%20Script.html
245,50,All the President's Men,,Mar-75,http://www.imsdb.com//scripts/All-the-President's-Men.html,http://www.imsdb.com/Movie%20Scripts/All%20the%20President's%20Men%20Script.html
246,737,"Nightmare on Elm Street, A",,,"http://www.imsdb.com//scripts/Nightmare-on-Elm-Street,-A.html","http://www.imsdb.com/Movie%20Scripts/Nightmare%20on%20Elm%20Street,%20A%20Script.html"
247,60,American Outlaws,,,http://www.imsdb.com//scripts/American-Outlaws.html,http://www.imsdb.com/Movie%20Scripts/American%20Outlaws%20Script.html
248,655,"Man Who Wasn't There, The",,1-Jan,"http://www.imsdb.com//scripts/Man-Who-Wasn't-There,-The.html","http://www.imsdb.com/Movie%20Scripts/Man%20Who%20Wasn't%20There,%20The%20Script.html"
249,990,There's Something About Mary,,Oct-97,http://www.imsdb.com//scripts/There's-Something-About-Mary.html,http://www.imsdb.com/Movie%20Scripts/There's%20Something%20About%20Mary%20Script.html
250,121,Barry Lyndon,,Feb-73,http://www.imsdb.com//scripts/Barry-Lyndon.html,http://www.imsdb.com/Movie%20Scripts/Barry%20Lyndon%20Script.html
251,513,"Hudsucker Proxy, The",,Sep-92,"http://www.imsdb.com//scripts/Hudsucker-Proxy,-The.html","http://www.imsdb.com/Movie%20Scripts/Hudsucker%20Proxy,%20The%20Script.html"
252,1024,TRON,,Apr-81,http://www.imsdb.com//scripts/TRON.html,http://www.imsdb.com/Movie%20Scripts/TRON%20Script.html
253,475,"Haunting, The",,Nov-98,"http://www.imsdb.com//scripts/Haunting,-The.html","http://www.imsdb.com/Movie%20Scripts/Haunting,%20The%20Script.html"
254,783,Pi,,Sep-98,http://www.imsdb.com//scripts/Pi.html,http://www.imsdb.com/Movie%20Scripts/Pi%20Script.html
255,338,Ed Wood,,Nov-92,http://www.imsdb.com//scripts/Ed-Wood.html,http://www.imsdb.com/Movie%20Scripts/Ed%20Wood%20Script.html
256,458,Halloween: The Curse of Michael Myers,,,http://www.imsdb.com//scripts/Halloween-The-Curse-of-Michael-Myers.html,http://www.imsdb.com/Movie%20Scripts/Halloween:%20The%20Curse%20of%20Michael%20Myers%20Script.html
257,726,"Neverending Story, The",,1984,"http://www.imsdb.com//scripts/Neverending-Story,-The.html","http://www.imsdb.com/Movie%20Scripts/Neverending%20Story,%20The%20Script.html"
258,770,"Patriot, The",,Mar-99,"http://www.imsdb.com//scripts/Patriot,-The.html","http://www.imsdb.com/Movie%20Scripts/Patriot,%20The%20Script.html"
259,626,Logan's Run,,Apr-75,http://www.imsdb.com//scripts/Logan's-Run.html,http://www.imsdb.com/Movie%20Scripts/Logan's%20Run%20Script.html
260,19,8MM,,May-97,http://www.imsdb.com//scripts/8MM.html,http://www.imsdb.com/Movie%20Scripts/8MM%20Script.html
261,719,My Mother Dreams the Satan's Disciples in New York,,,http://www.imsdb.com//scripts/My-Mother-Dreams-the-Satan's-Disciples-in-New-York.html,http://www.imsdb.com/Movie%20Scripts/My%20Mother%20Dreams%20the%20Satan's%20Disciples%20in%20New%20York%20Script.html
262,906,Simone,,,http://www.imsdb.com//scripts/Simone.html,http://www.imsdb.com/Movie%20Scripts/Simone%20Script.html
263,435,Godfather Part II,,Sep-73,http://www.imsdb.com//scripts/Godfather-Part-II.html,http://www.imsdb.com/Movie%20Scripts/Godfather%20Part%20II%20Script.html
264,478,Heathers,,Feb-88,http://www.imsdb.com//scripts/Heathers.html,http://www.imsdb.com/Movie%20Scripts/Heathers%20Script.html
265,1017,Toy Story,,Nov-95,http://www.imsdb.com//scripts/Toy-Story.html,http://www.imsdb.com/Movie%20Scripts/Toy%20Story%20Script.html
266,863,"Salton Sea, The",,,"http://www.imsdb.com//scripts/Salton-Sea,-The.html","http://www.imsdb.com/Movie%20Scripts/Salton%20Sea,%20The%20Script.html"
267,952,Stepmom,,,http://www.imsdb.com//scripts/Stepmom.html,http://www.imsdb.com/Movie%20Scripts/Stepmom%20Script.html
268,756,One Flew Over the Cuckoo's Nest,,,http://www.imsdb.com//scripts/One-Flew-Over-the-Cuckoo's-Nest.html,http://www.imsdb.com/Movie%20Scripts/One%20Flew%20Over%20the%20Cuckoo's%20Nest%20Script.html
269,346,"English Patient, The",,,"http://www.imsdb.com//scripts/English-Patient,-The.html","http://www.imsdb.com/Movie%20Scripts/English%20Patient,%20The%20Script.html"
270,919,Snow Falling On Cedars,,May-98,http://www.imsdb.com//scripts/Snow-Falling-On-Cedars.html,http://www.imsdb.com/Movie%20Scripts/Snow%20Falling%20On%20Cedars%20Script.html
271,350,Erik the Viking,,,http://www.imsdb.com//scripts/Erik-the-Viking.html,http://www.imsdb.com/Movie%20Scripts/Erik%20the%20Viking%20Script.html
272,439,Gone in 60 Seconds,,Apr-99,http://www.imsdb.com//scripts/Gone-in-60-Seconds.html,http://www.imsdb.com/Movie%20Scripts/Gone%20in%2060%20Seconds%20Script.html
273,145,Benny & Joon,Apr-93,,http://www.imsdb.com//scripts/Benny-&-Joon.html,http://www.imsdb.com/Movie%20Scripts/Benny%20&%20Joon%20Script.html
274,793,Pleasantville,,,http://www.imsdb.com//scripts/Pleasantville.html,http://www.imsdb.com/Movie%20Scripts/Pleasantville%20Script.html
275,875,Se7en,,,http://www.imsdb.com//scripts/Se7en.html,http://www.imsdb.com/Movie%20Scripts/Se7en%20Script.html
276,570,Jurassic Park: The Lost World,,,http://www.imsdb.com//scripts/Jurassic-Park-The-Lost-World.html,http://www.imsdb.com/Movie%20Scripts/Jurassic%20Park:%20The%20Lost%20World%20Script.html
277,1054,Virtuosity,,May-94,http://www.imsdb.com//scripts/Virtuosity.html,http://www.imsdb.com/Movie%20Scripts/Virtuosity%20Script.html
278,825,Real Genius,,,http://www.imsdb.com//scripts/Real-Genius.html,http://www.imsdb.com/Movie%20Scripts/Real%20Genius%20Script.html
279,1076,White Christmas,,Jul-53,http://www.imsdb.com//scripts/White-Christmas.html,http://www.imsdb.com/Movie%20Scripts/White%20Christmas%20Script.html
280,1011,To Sleep with Anger,,Jan-89,http://www.imsdb.com//scripts/To-Sleep-with-Anger.html,http://www.imsdb.com/Movie%20Scripts/To%20Sleep%20with%20Anger%20Script.html
281,1031,"Truman Show, The",,1998,"http://www.imsdb.com//scripts/Truman-Show,-The.html","http://www.imsdb.com/Movie%20Scripts/Truman%20Show,%20The%20Script.html"
282,953,"Sting, The",,,"http://www.imsdb.com//scripts/Sting,-The.html","http://www.imsdb.com/Movie%20Scripts/Sting,%20The%20Script.html"
283,859,Rushmore,,May-97,http://www.imsdb.com//scripts/Rushmore.html,http://www.imsdb.com/Movie%20Scripts/Rushmore%20Script.html
284,927,South Park,,Jan-99,http://www.imsdb.com//scripts/South-Park.html,http://www.imsdb.com/Movie%20Scripts/South%20Park%20Script.html
285,972,Sweet Smell of Success,,,http://www.imsdb.com//scripts/Sweet-Smell-of-Success.html,http://www.imsdb.com/Movie%20Scripts/Sweet%20Smell%20of%20Success%20Script.html
286,813,Pulp Fiction,,May-93,http://www.imsdb.com//scripts/Pulp-Fiction.html,http://www.imsdb.com/Movie%20Scripts/Pulp%20Fiction%20Script.html
287,160,Blade Runner,,Feb-81,http://www.imsdb.com//scripts/Blade-Runner.html,http://www.imsdb.com/Movie%20Scripts/Blade%20Runner%20Script.html
288,9,187,,Nov-96,http://www.imsdb.com//scripts/187.html,http://www.imsdb.com/Movie%20Scripts/187%20Script.html
289,1053,"Village, The",4-Jul,,"http://www.imsdb.com//scripts/Village,-The.html","http://www.imsdb.com/Movie%20Scripts/Village,%20The%20Script.html"
290,922,Solaris,,1-Oct,http://www.imsdb.com//scripts/Solaris.html,http://www.imsdb.com/Movie%20Scripts/Solaris%20Script.html
291,284,Dark City,,May-94,http://www.imsdb.com//scripts/Dark-City.html,http://www.imsdb.com/Movie%20Scripts/Dark%20City%20Script.html
292,937,Star Trek II: The Wrath of Khan,,Mar-82,http://www.imsdb.com//scripts/Star-Trek-II-The-Wrath-of-Khan.html,http://www.imsdb.com/Movie%20Scripts/Star%20Trek%20II:%20The%20Wrath%20of%20Khan%20Script.html
293,185,"Bourne Supremacy, The",4-Jul,3-Nov,"http://www.imsdb.com//scripts/Bourne-Supremacy,-The.html","http://www.imsdb.com/Movie%20Scripts/Bourne%20Supremacy,%20The%20Script.html"
294,1039,Unbreakable,,Oct-99,http://www.imsdb.com//scripts/Unbreakable.html,http://www.imsdb.com/Movie%20Scripts/Unbreakable%20Script.html
295,961,Sunset Blvd.,,May-49,http://www.imsdb.com//scripts/Sunset-Blvd..html,http://www.imsdb.com/Movie%20Scripts/Sunset%20Blvd.%20Script.html
296,80,Antz,,,http://www.imsdb.com//scripts/Antz.html,http://www.imsdb.com/Movie%20Scripts/Antz%20Script.html
297,1005,"Time Machine, The",,Feb-00,"http://www.imsdb.com//scripts/Time-Machine,-The.html","http://www.imsdb.com/Movie%20Scripts/Time%20Machine,%20The%20Script.html"
298,6,1492: Conquest of Paradise,,Sep-91,http://www.imsdb.com//scripts/1492-Conquest-of-Paradise.html,http://www.imsdb.com/Movie%20Scripts/1492:%20Conquest%20of%20Paradise%20Script.html
299,181,Bottle Rocket,,,http://www.imsdb.com//scripts/Bottle-Rocket.html,http://www.imsdb.com/Movie%20Scripts/Bottle%20Rocket%20Script.html
300,939,Star Trek: Generations,,Mar-94,http://www.imsdb.com//scripts/Star-Trek-Generations.html,http://www.imsdb.com/Movie%20Scripts/Star%20Trek:%20Generations%20Script.html
301,646,"Majestic, The (The Bijou)",,Oct-97,"http://www.imsdb.com//scripts/Majestic,-The-(The-Bijou).html","http://www.imsdb.com/Movie%20Scripts/Majestic,%20The%20(The%20Bijou)%20Script.html"
302,713,Mulholland Drive,,Jan-99,http://www.imsdb.com//scripts/Mulholland-Drive.html,http://www.imsdb.com/Movie%20Scripts/Mulholland%20Drive%20Script.html
303,568,Jurassic Park,,Dec-92,http://www.imsdb.com//scripts/Jurassic-Park.html,http://www.imsdb.com/Movie%20Scripts/Jurassic%20Park%20Script.html
304,876,"Searchers, The",,,"http://www.imsdb.com//scripts/Searchers,-The.html","http://www.imsdb.com/Movie%20Scripts/Searchers,%20The%20Script.html"
305,934,Spider-Man,,Apr-00,http://www.imsdb.com//scripts/Spider-Man.html,http://www.imsdb.com/Movie%20Scripts/Spider-Man%20Script.html
306,884,"Sex, Lies and Videotape",,,"http://www.imsdb.com//scripts/Sex,-Lies-and-Videotape.html","http://www.imsdb.com/Movie%20Scripts/Sex,%20Lies%20and%20Videotape%20Script.html"
307,762,Out of Sight,,Mar-98,http://www.imsdb.com//scripts/Out-of-Sight.html,http://www.imsdb.com/Movie%20Scripts/Out%20of%20Sight%20Script.html
308,216,Cast Away,,,http://www.imsdb.com//scripts/Cast-Away.html,http://www.imsdb.com/Movie%20Scripts/Cast%20Away%20Script.html
309,747,O Brother Where Art Thou?,,,http://www.imsdb.com//scripts/O-Brother-Where-Art-Thou%3f.html,http://www.imsdb.com/Movie%20Scripts/O%20Brother%20Where%20Art%20Thou?%20Script.html
310,723,Nashville,,Jun-74,http://www.imsdb.com//scripts/Nashville.html,http://www.imsdb.com/Movie%20Scripts/Nashville%20Script.html
311,1022,Tremors,,Jun-88,http://www.imsdb.com//scripts/Tremors.html,http://www.imsdb.com/Movie%20Scripts/Tremors%20Script.html
312,43,Alien Nation,,Oct-87,http://www.imsdb.com//scripts/Alien-Nation.html,http://www.imsdb.com/Movie%20Scripts/Alien%20Nation%20Script.html
313,695,Misery,,,http://www.imsdb.com//scripts/Misery.html,http://www.imsdb.com/Movie%20Scripts/Misery%20Script.html
314,158,Blade,,,http://www.imsdb.com//scripts/Blade.html,http://www.imsdb.com/Movie%20Scripts/Blade%20Script.html
315,274,"Crow Salvation, The",,,"http://www.imsdb.com//scripts/Crow-Salvation,-The.html","http://www.imsdb.com/Movie%20Scripts/Crow%20Salvation,%20The%20Script.html"
316,678,Memento,,Oct-99,http://www.imsdb.com//scripts/Memento.html,http://www.imsdb.com/Movie%20Scripts/Memento%20Script.html
317,822,Rambling Rose,,,http://www.imsdb.com//scripts/Rambling-Rose.html,http://www.imsdb.com/Movie%20Scripts/Rambling%20Rose%20Script.html
318,562,Jerry Maguire,,,http://www.imsdb.com//scripts/Jerry-Maguire.html,http://www.imsdb.com/Movie%20Scripts/Jerry%20Maguire%20Script.html
319,1070,What About Bob?,May-91,,http://www.imsdb.com//scripts/What-About-Bob%3f.html,http://www.imsdb.com/Movie%20Scripts/What%20About%20Bob?%20Script.html
320,774,Peggy Sue Got Married,,Aug-85,http://www.imsdb.com//scripts/Peggy-Sue-Got-Married.html,http://www.imsdb.com/Movie%20Scripts/Peggy%20Sue%20Got%20Married%20Script.html
321,62,"American President, The",,,"http://www.imsdb.com//scripts/American-President,-The.html","http://www.imsdb.com/Movie%20Scripts/American%20President,%20The%20Script.html"
322,195,Bringing Out the Dead,,Nov-97,http://www.imsdb.com//scripts/Bringing-Out-the-Dead.html,http://www.imsdb.com/Movie%20Scripts/Bringing%20Out%20the%20Dead%20Script.html
323,82,Apocalypse Now,,Dec-75,http://www.imsdb.com//scripts/Apocalypse-Now.html,http://www.imsdb.com/Movie%20Scripts/Apocalypse%20Now%20Script.html
324,249,Collateral,4-Aug,3-Aug,http://www.imsdb.com//scripts/Collateral.html,http://www.imsdb.com/Movie%20Scripts/Collateral%20Script.html
325,357,Evil Dead,,1979,http://www.imsdb.com//scripts/Evil-Dead.html,http://www.imsdb.com/Movie%20Scripts/Evil%20Dead%20Script.html
326,135,"Beach, The",,Jun-98,"http://www.imsdb.com//scripts/Beach,-The.html","http://www.imsdb.com/Movie%20Scripts/Beach,%20The%20Script.html"
327,15,48 Hrs.,,,http://www.imsdb.com//scripts/48-Hrs..html,http://www.imsdb.com/Movie%20Scripts/48%20Hrs.%20Script.html
