Script_Id,Genre
592,Action
592,Horror
592,Thriller
636,Drama
636,Mystery
636,Thriller
636,Horror
449,Drama
449,Fantasy
873,Horror
873,Mystery
873,Thriller
752,Comedy
752,Crime
752,Thriller
457,Comedy
457,Romance
515,Action
515,Sci-Fi
515,Thriller
899,Animation
899,Adventure
899,Comedy
844,Adventure
844,Drama
844,Thriller
628,Action
628,Thriller
628,Drama
404,Drama
404,Thriller
93,Comedy
324,Horror
324,Thriller
188,Drama
188,War
188,Action
913,Comedy
913,Horror
913,Sci-Fi
988,Horror
988,Sci-Fi
988,Thriller
673,Crime
673,Drama
454,Comedy
454,Fantasy
454,Romance
967,Comedy
305,Crime
305,Drama
305,Thriller
806,Action
806,Drama
52,Action
52,Horror
52,Thriller
788,Action
788,Adventure
788,Comedy
788,Fantasy
750,Drama
750,Thriller
233,Drama
233,Sci-Fi
233,Thriller
910,Comedy
910,Romance
910,Drama
842,Action
842,Drama
842,Sci-Fi
741,Action
741,Crime
741,Drama
741,Thriller
414,Drama
248,Drama
248,War
248,Romance
1096,Drama
652,Comedy
652,Drama
680,Action
680,Comedy
680,Sci-Fi
698,Drama
698,Sci-Fi
698,Thriller
698,Adventure
443,Horror
443,Thriller
443,Mystery
554,Action
554,Crime
554,Drama
554,Thriller
178,Action
178,Adventure
178,Drama
178,Sci-Fi
178,Thriller
178,Western
323,Crime
323,Film-Noir
323,Drama
597,Adventure
597,Romance
597,War
183,Action
183,Comedy
183,Crime
183,Romance
915,Comedy
915,Drama
580,Drama
163,Drama
1044,Drama
1044,Romance
679,Action
679,Comedy
679,Sci-Fi
231,Horror
231,Thriller
231,Comedy
231,Mystery
92,Comedy
92,Crime
101,Romance
101,Drama
780,Drama
73,Drama
73,Romance
946,Action
946,Adventure
946,Fantasy
946,Sci-Fi
490,Drama
236,Drama
808,Adventure
808,Mystery
808,Sci-Fi
332,Action
332,Adventure
332,Sci-Fi
332,Fantasy
390,Comedy
390,Drama
220,Comedy
968,Action
968,Sci-Fi
968,Thriller
272,Action
272,Adventure
272,Drama
272,Fantasy
272,Romance
1080,Action
1080,Crime
1080,Drama
1080,Mystery
1080,Thriller
1073,Comedy
1073,Romance
530,Action
530,Adventure
672,Action
672,Crime
672,Drama
672,Thriller
1084,Action
1084,Western
667,Action
667,Adventure
667,Drama
856,Comedy
856,Romance
944,Fantasy
944,Sci-Fi
944,Action
944,Adventure
112,Action
112,Drama
112,Mystery
112,Thriller
164,Thriller
164,Crime
164,Drama
1013,Action
1013,Adventure
1013,Thriller
151,Comedy
151,Crime
151,Drama
89,Drama
89,Thriller
599,Drama
599,History
87,Sci-Fi
959,Drama
384,Action
384,Adventure
384,Fantasy
926,Mystery
926,Sci-Fi
926,Thriller
64,Action
291,Action
291,Horror
291,Drama
653,Comedy
653,Romance
681,Comedy
681,War
13,Action
13,Adventure
13,Comedy
298,Comedy
298,Crime
771,Adventure
771,Comedy
771,Sci-Fi
633,Action
633,Adventure
633,Fantasy
5,Adventure
5,Drama
5,Thriller
691,Comedy
691,Crime
691,Drama
600,Drama
600,Romance
935,Drama
935,Romance
930,Crime
930,Drama
930,Thriller
1002,Crime
1002,Mystery
1002,Thriller
879,Action
879,Adventure
879,Sci-Fi
879,Thriller
843,Drama
549,Comedy
549,Romance
362,Comedy
362,Crime
362,Romance
182,Crime
182,Drama
182,Thriller
1043,Animation
1043,Adventure
1043,Comedy
1043,Drama
1043,Family
207,Drama
207,Thriller
207,Fantasy
826,Thriller
826,Mystery
1109,Comedy
1109,Romance
391,Crime
391,Drama
391,Thriller
58,Crime
58,Drama
58,Thriller
312,Action
312,Thriller
581,Action
581,Drama
581,Thriller
56,Crime
56,Drama
67,Crime
67,Drama
67,Thriller
173,Drama
173,Romance
173,Thriller
883,Comedy
883,Drama
883,Romance
11,Action
11,Adventure
11,Drama
11,Sci-Fi
11,Thriller
715,Adventure
715,Action
715,Fantasy
715,Horror
107,Comedy
21,Crime
21,Drama
21,Mystery
21,Thriller
567,Comedy
567,Drama
567,Romance
1023,Action
1023,Adventure
1023,Drama
1023,Romance
484,Adventure
484,Horror
484,Sci-Fi
484,Action
819,Drama
819,Romance
133,Drama
133,Romance
133,Comedy
306,Comedy
306,Drama
228,Action
228,Comedy
206,Comedy
206,Drama
206,Romance
1026,Action
1026,Adventure
1026,Comedy
1026,War
555,Drama
555,Romance
928,Comedy
928,Romance
928,Drama
313,Comedy
313,Drama
94,Romance
94,Comedy
94,Drama
307,Animation
307,Adventure
307,Comedy
622,Family
622,Animation
622,Comedy
622,Musical
622,Romance
622,Fantasy
1052,Comedy
1052,Thriller
25,Thriller
25,Crime
25,Drama
510,Comedy
510,Romance
35,Drama
35,Mystery
744,Comedy
744,Romance
590,Comedy
590,Crime
200,Comedy
200,Fantasy
200,Romance
740,Drama
740,Horror
740,Mystery
740,Thriller
685,Crime
685,Drama
685,Thriller
936,Action
936,Adventure
936,Sci-Fi
572,Crime
572,Thriller
450,Comedy
450,Fantasy
450,Horror
136,Comedy
269,Drama
269,Romance
916,Action
916,Comedy
916,Crime
916,Drama
495,Action
495,Fantasy
54,Drama
493,Drama
331,Adventure
331,Comedy
203,Drama
203,Mystery
203,Thriller
8,Comedy
8,Drama
8,Romance
225,Crime
225,Drama
225,Mystery
969,Thriller
969,Crime
969,Horror
969,Drama
31,Adventure
31,Comedy
31,Romance
31,Sci-Fi
629,Action
629,Crime
629,Sci-Fi
445,Crime
445,Drama
285,Action
285,Crime
285,Thriller
797,Drama
625,Crime
625,Thriller
625,Comedy
905,Comedy
905,Drama
905,Romance
86,Drama
86,Thriller
675,Fantasy
675,Mystery
675,Romance
675,Drama
914,Crime
914,Drama
914,Romance
335,Crime
335,Drama
335,Mystery
335,Thriller
663,Drama
663,Thriller
179,Action
179,Crime
179,Drama
179,Thriller
506,Action
506,Crime
506,Drama
506,Thriller
110,Adventure
110,Comedy
110,Family
110,Sci-Fi
110,Western
159,Action
159,Horror
159,Thriller
48,Comedy
701,Drama
701,Romance
392,Drama
864,Comedy
864,Drama
864,Family
853,Drama
853,Horror
853,Thriller
1062,Drama
1062,War
295,Drama
739,Drama
739,Musical
739,Romance
408,Comedy
408,Drama
833,Comedy
635,Action
635,Adventure
635,Crime
635,Mystery
635,Thriller
791,Comedy
791,Romance
845,Action
845,Adventure
845,Drama
924,Action
924,Crime
924,Thriller
924,Drama
810,Comedy
810,Drama
810,Romance
3,Drama
519,Comedy
519,Drama
1058,Action
1058,Drama
1058,Thriller
68,Drama
68,Romance
1078,Crime
1078,Drama
1078,Mystery
993,Short
993,Comedy
993,Romance
551,Thriller
551,Drama
551,Fantasy
668,Drama
184,Action
184,Thriller
184,Mystery
184,Drama
184,Adventure
405,Crime
405,Drama
134,Action
134,Sci-Fi
230,Horror
230,Thriller
116,Crime
116,Drama
638,Action
638,Adventure
638,Sci-Fi
576,Action
576,Comedy
576,Crime
576,Drama
576,Thriller
775,Action
775,Drama
775,Fantasy
775,Horror
775,Sci-Fi
731,Crime
731,Drama
731,Romance
731,Thriller
499,Drama
818,Drama
120,Comedy
120,Drama
533,Action
533,Adventure
533,War
460,Comedy
460,Crime
460,Mystery
460,Thriller
193,Drama
193,Mystery
65,Comedy
65,Drama
497,Horror
497,Thriller
1042,Drama
1042,Mystery
1042,Thriller
735,Animation
735,Comedy
735,Fantasy
735,Horror
735,Musical
563,Crime
563,Drama
563,Mystery
563,Thriller
10,Adventure
10,Sci-Fi
1020,Drama
525,Comedy
846,Sci-Fi
846,Action
846,Crime
716,Drama
235,Drama
235,Romance
104,Drama
104,Mystery
104,Thriller
109,Action
109,Comedy
109,Family
109,Sci-Fi
889,Drama
118,Comedy
385,Comedy
834,Comedy
834,Sci-Fi
918,Action
918,Comedy
918,Crime
918,Mystery
918,Romance
918,Thriller
1060,Animation
1060,Adventure
1060,Comedy
1060,Drama
1060,Family
1060,Romance
1060,Sci-Fi
461,Action
461,Crime
461,Mystery
634,Crime
634,Drama
634,Thriller
795,Animation
795,Adventure
795,Family
795,Fantasy
18,Drama
18,Musical
654,Adventure
654,Drama
654,Thriller
339,Drama
339,Fantasy
339,Romance
250,Action
250,Thriller
49,Drama
976,Drama
976,Thriller
545,Action
545,Drama
545,Sci-Fi
545,Thriller
144,Drama
256,Crime
256,Drama
273,Crime
273,Drama
877,Comedy
288,Action
288,Crime
288,Sci-Fi
288,Thriller
518,Horror
518,Mystery
518,Thriller
59,Drama
143,Drama
487,Fantasy
487,Horror
79,Thriller
79,Crime
79,Drama
1074,Crime
1074,Drama
1074,Thriller
232,Crime
232,Mystery
232,Thriller
760,Drama
760,Horror
760,Mystery
57,Comedy
57,Drama
1035,Action
1035,Comedy
1035,Sci-Fi
1008,Drama
1008,Mystery
1008,Thriller
156,Drama
311,Action
311,Thriller
1071,Horror.Mystery
1071,Thriller
1071,Drama
543,Drama
69,Drama
882,Drama
882,Fantasy
347,Drama
347,Thriller
276,Action
276,Fantasy
276,Thriller
276,Crime
878,Drama
878,Comedy
878,Romance
343,Drama
157,Drama
157,Mystery
157,Thriller
897,Horror
897,Sci-Fi
995,Drama
854,Western
948,Adventure
948,Drama
948,Romance
948,Sci-Fi
733,Horror
817,Horror
340,Action
340,Comedy
340,Horror
340,Sci-Fi
253,Action
253,Thriller
670,Sci-Fi
670,Action
670,Thriller
492,Crime
492,Drama
411,Comedy
411,Drama
381,Horror
381,Thriller
500,Adventure
500,Comedy
500,Sci-Fi
169,Comedy
169,Crime
171,Crime
171,Thriller
32,Drama
648,Drama
1015,Action
1015,Adventure
1015,Sci-Fi
1015,Thriller
613,Drama
613,Crime
613,Thriller
677,Animation
677,Action
677,Comedy
677,Family
677,Sci-Fi
38,Comedy
38,Sci-Fi
1016,Action
1016,Drama
1016,Thriller
333,Family
333,Sci-Fi
333,Adventure
333,Fantasy
1097,Action
1097,Thriller
1097,Adventure
489,Horror
45,Action
45,Horror
45,Sci-Fi
45,Thriller
349,Action
349,Sci-Fi
349,Thriller
1079,Adventure
1079,Drama
1085,Action
1085,Adventure
1085,Comedy
619,Crime
619,Drama
619,Thriller
280,Drama
280,Fantasy
280,Mystery
280,Romance
401,Comedy
401,Horror
401,Thriller
703,Drama
703,Mystery
703,Sci-Fi
703,Thriller
871,Action
871,Comedy
871,Fantasy
176,Crime
176,Drama
176,Romance
455,Horror
455,Mystery
455,Thriller
315,Thriller
796,Action
796,Adventure
796,Drama
796,Sci-Fi
561,Comedy
561,Horror
561,Thriller
683,Action
683,Crime
683,Drama
683,Thriller
907,Comedy
907,Crime
907,Musical
416,Crime
416,Drama
611,Comedy
611,Drama
848,Action
848,Comedy
848,Crime
868,Action
868,Crime
868,Drama
421,Action
421,Crime
421,Drama
421,Thriller
485,Action
485,Adventure
485,Fantasy
368,Action
368,Adventure
368,Fantasy
368,Sci-Fi
896,Drama
896,Romance
807,Horror
807,Mystery
807,Thriller
643,Action
643,Adventure
643,Sci-Fi
578,Action
578,Adventure
578,Drama
578,Mystery
578,Thriller
718,Comedy
718,Drama
718,Family
718,Romance
194,Comedy
261,Animation
261,Adventure
261,Family
261,Fantasy
208,Comedy
208,Drama
208,Thriller
74,Drama
74,Mystery
74,Thriller
251,Action
251,Crime
251,Drama
344,Drama
241,Action
241,Adventure
241,Drama
241,Fantasy
40,Drama
925,Comedy
925,Romance
925,Drama
221,Comedy
221,Drama
221,Romance
575,Comedy
575,Drama
847,Action
20,Animation
20,Adventure
20,Drama
20,Fantasy
20,Sci-Fi
693,Drama
970,Drama
970,Horror
970,Musical
1000,Comedy
1000,Family
114,Drama
114,Thriller
114,Western
529,Action
529,Adventure
1088,Action
1088,Comedy
1088,Sci-Fi
1088,Western
37,Comedy
37,Romance
804,Comedy
804,Drama
804,Mystery
865,Drama
865,Romance
931,Action
931,Thriller
559,Adventure
559,Comedy
175,Comedy
175,Drama
728,Family
728,Musical
777,Drama
777,Romance
1101,Action
1101,Fantasy
1101,Sci-Fi
1101,Thriller
671,Action
671,Sci-Fi
671,Thriller
264,Action
264,Sci-Fi
264,Thriller
639,Comedy
639,Drama
639,Romance
798,Drama
1072,Horror
1072,Thriller
748,Action
748,Adventure
748,Sci-Fi
649,Comedy
1025,Action
1025,Adventure
1025,Sci-Fi
706,Comedy
708,Comedy
734,Action
734,Fantasy
734,Horror
773,Drama
773,Horror
773,Thriller
456,Action
456,Crime
456,Drama
456,Thriller
632,Action
632,Adventure
632,Fantasy
180,Crime
180,Drama
180,Thriller
801,Drama
801,Romance
767,Animation
767,Adventure
767,Comedy
209,Drama
1046,Action
1046,Drama
1046,Sci-Fi
1046,Thriller
732,Crime
732,Drama
732,Thriller
664,Drama
664,Romance
886,Drama
886,Horror
886,Comedy
352,Action
352,Adventure
352,Sci-Fi
352,Thriller
219,Comedy
219,Crime
219,Thriller
620,Adventure
620,Animation
620,Family
620,Musical
97,Thriller
717,Comedy
717,Romance
577,Crime
577,Drama
577,Thriller
802,Action
802,Horror
802,Sci-Fi
71,Comedy
71,Crime
255,Crime
255,Drama
125,Drama
28,Comedy
28,Drama
1001,Action
1001,Adventure
1001,Comedy
1001,Romance
244,Drama
244,Sci-Fi
956,Crime
956,Thriller
956,Sci-Fi
956,Mystery
956,Action
956,Drama
431,Drama
431,Action
642,Action
642,Crime
573,Romance
573,Fantasy
573,Comedy
119,Crime
119,Thriller
119,Drama
841,Animation
841,Adventure
841,Family
149,Drama
149,Fantasy
149,Comedy
149,Adventure
595,Drama
595,Romance
446,Drama
446,Romance
682,Action
682,Thriller
682,Drama
325,Action
325,Adventure
325,Fantasy
516,Drama
951,Western
754,Comedy
754,Drama
754,Romance
238,Action
238,Adventure
238,Fantasy
238,Thriller
366,Action
366,Drama
366,Thriller
514,Comedy
466,Action
466,Crime
466,Thriller
466,Drama
560,Thriller
560,Mystery
451,Comedy
451,Fantasy
451,Horror
451,Sci-Fi
211,Horror
211,Thriller
588,Drama
588,Romance
835,Animation
835,Family
835,Adventure
598,Action
598,Adventure
598,Drama
598,War
292,Horror
292,Drama
292,Sci-Fi
292,Thriller
614,Adventure
614,Drama
809,Horror
809,Thriller
809,Fantasy
809,Mystery
550,Adventure
550,Action
550,Crime
550,Thriller
508,Drama
508,Thriller
508,War
1063,Action
1063,Adventure
1063,Sci-Fi
1063,Thriller
91,Adventure
91,Fantasy
91,Action
91,Comedy
91,Horror
517,Comedy
517,Drama
517,Romance
1090,Comedy
1090,Drama
226,Action
226,Crime
226,Drama
226,Thriller
546,Romance
546,Comedy
259,Drama
259,Romance
259,Comedy
1067,Drama
1067,Romance
532,Comedy
532,Drama
532,Thriller
326,Action
326,Crime
326,Drama
757,Crime
757,Drama
757,Thriller
586,Animation
586,Action
586,Comedy
586,Family
824,Drama
824,Romance
223,Action
223,Crime
223,Drama
223,Mystery
223,Thriller
881,Drama
881,Romance
418,Thriller
418,Action
418,Crime
418,Drama
359,Adventure
359,Drama
359,Fantasy
254,Action
254,Adventure
254,Fantasy
430,Crime
430,Drama
430,Mystery
764,Comedy
764,Action
764,Family
764,Thriller
594,Action
594,Thriller
252,Mystery
252,Romance
252,Thriller
987,Action
987,Adventure
987,Sci-Fi
987,Thriller
601,Crime
601,Drama
601,Thriller
290,Comedy
505,Comedy
505,Drama
266,Action
266,Crime
266,Drama
266,Thriller
787,Action
787,Adventure
787,Comedy
283,Adventure
283,Drama
283,Western
564,Action
319,Comedy
319,Fantasy
319,Adventure
393,Drama
393,Fantasy
393,Horror
393,Romance
393,Sci-Fi
137,Drama
137,Fantasy
115,Horror
115,Thriller
369,Animation
369,Adventure
369,Comedy
369,Family
751,Comedy
751,Thriller
751,Crime
605,Action
605,Fantasy
605,Horror
605,Thriller
524,Crime
524,Drama
355,Comedy
355,Romance
355,Drama
44,Action
44,Horror
44,Sci-Fi
44,Thriller
322,Biography
322,Drama
322,Music
84,Comedy
84,Horror
84,Mystery
299,Action
299,Drama
299,Thriller
394,Comedy
394,Sci-Fi
920,Action
920,Adventure
920,Drama
1057,Drama
1057,Romance
651,Action
651,Crime
651,Drama
651,Thriller
892,Comedy
892,Romance
536,Horror
536,Thriller
90,Action
90,Sci-Fi
90,Thriller
992,Action
992,Horror
992,Sci-Fi
992,Thriller
658,Drama
520,Action
520,Sci-Fi
520,Thriller
147,Comedy
147,Family
147,Fantasy
637,Adventure
637,Fantasy
637,Sci-Fi
637,Drama
637,Mystery
1049,Mystery
1049,Romance
1049,Sci-Fi
1049,Thriller
714,Comedy
714,Drama
660,Comedy
660,Drama
30,Romance
30,Sci-Fi
30,Thriller
42,Action
42,Drama
42,Horror
42,Sci-Fi
42,Thriller
707,Crime
707,Drama
707,Thriller
523,Adventure
523,Fantasy
523,Mystery
975,Comedy
975,Drama
704,Comedy
704,Drama
704,Romance
217,Crime
217,Drama
1004,Horror
1004,Thriller
977,Drama
977,Crime
977,Thriller
977,Horror
898,Animation
898,Adventure
898,Comedy
898,Family
898,Fantasy
898,Romance
247,Action
247,Drama
309,Crime
309,Mystery
309,Thriller
170,Drama
170,Romance
815,Drama
815,Music
694,Horror
694,Mystery
694,Thriller
301,Action
301,Crime
301,Thriller
262,Drama
262,Thriller
262,War
574,Drama
647,Comedy
887,Drama
887,Romance
887,Comedy
686,Comedy
686,Fantasy
686,Romance
186,Action
186,Adventure
186,Mystery
186,Thriller
24,Action
674,Action
674,Crime
674,Thriller
212,Animation
212,Action
212,Adventure
1098,Drama
621,Comedy
621,Drama
365,Action
365,Crime
365,Drama
365,Thriller
1028,Adventure
1028,Drama
1028,Western
105,Drama
800,Comedy
800,Romance
353,Action
353,Adventure
353,Sci-Fi
353,Thriller
314,Comedy
584,Drama
14,Crime
14,Drama
1051,Drama
1051,Mystery
1051,Thriller
267,Drama
267,Thriller
267,Romance
908,Comedy
908,Drama
908,Mystery
477,Action
477,Crime
477,Drama
477,Thriller
70,Comedy
70,Crime
336,Comedy
336,Romance
1009,Drama
1009,Romance
327,Action
327,Crime
327,Fantasy
387,Comedy
387,Family
387,Fantasy
199,Adventure
199,Comedy
199,Crime
199,Drama
199,Romance
310,Drama
310,Horror
310,Thriller
709,Drama
415,Crime
415,Drama
447,Drama
447,Comedy
765,Action
765,Horror
765,Sci-Fi
33,Comedy
786,Comedy
786,Crime
786,Thriller
1077,Crime
1077,Drama
1077,Mystery
1077,Thriller
111,Comedy
111,Romance
1108,Drama
1108,Thriller
784,Biography
784,Drama
784,Music
784,War
688,Drama
481,Comedy
662,Comedy
662,Drama
662,Family
662,Romance
482,Crime
482,Drama
482,Thriller
1107,Comedy
1107,Drama
1107,Romance
603,Comedy
711,Drama
557,Adventure
557,Horror
557,Thriller
410,Action
410,Adventure
410,Sci-Fi
410,Thriller
117,Comedy
117,Crime
1103,Adventure
1103,Comedy
161,Action
161,Fantasy
161,Horror
161,Thriller
187,Drama
187,Mystery
187,Sci-Fi
978,Crime
978,Drama
978,Thriller
855,Horror
855,Thriller
427,Sci-Fi
427,Fantasy
427,Comedy
153,Comedy
153,Drama
153,Romance
153,Crime
413,Action
413,Sci-Fi
413,Thriller
139,Comedy
139,Drama
139,Romance
606,Drama
606,Musical
606,Romance
379,Drama
850,Comedy
850,Horror
850,Musical
850,Sci-Fi
874,Horror
874,Mystery
874,Thriller
981,Mystery
981,Western
981,Romance
191,Action
191,Thriller
966,Sci-Fi
966,Adventure
966,Fantasy
966,Action
947,Sci-Fi
947,Adventure
947,Action
947,Fantasy
177,Drama
982,Comedy
982,Drama
982,Romance
436,Crime
436,Drama
436,Mystery
867,Crime
867,Horror
867,Mystery
867,Thriller
479,Drama
479,Romance
479,Crime
479,Fantasy
479,Thriller
479,Horror
1006,Comedy
1006,Drama
1006,Romance
400,Comedy
400,Horror
860,Drama
860,Romance
422,Romance
422,Thriller
422,Drama
422,Fantasy
465,Animation
465,Comedy
465,Family
271,Crime
271,Comedy
894,Thriller
964,Comedy
234,Action
234,Adventure
234,Drama
234,Family
234,Fantasy
168,Crime
168,Drama
168,Mystery
168,Thriller
29,Comedy
29,Fantasy
29,Horror
29,Family
257,Action
257,Thriller
257,Fantasy
257,Drama
257,Horror
727,Action
727,Adventure
727,Comedy
727,Family
641,Action
641,Thriller
304,Action
304,Drama
304,Thriller
304,War
522,Drama
75,Drama
1007,Comedy
1007,Drama
281,Comedy
1087,Action
1087,Drama
1087,Mystery
1087,Thriller
1094,Adventure
1094,Family
1094,Fantasy
1094,Musical
1075,Drama
1075,Thriller
282,Drama
382,Adventure
382,Animation
382,Comedy
382,Family
308,Adventure
308,Comedy
308,Musical
661,Action
661,Crime
661,Thriller
661,Western
949,Sci-Fi
949,Action
851,Crime
851,Drama
851,Romance
1029,Action
1029,Adventure
1029,Comedy
1029,Romance
1029,Thriller
123,Drama
123,Mystery
123,Thriller
954,Thriller
954,Horror
954,Mystery
885,Comedy
885,Drama
917,Comedy
917,Crime
745,Comedy
745,Romance
745,Drama
316,Adventure
316,Drama
316,Western
146,Comedy
146,Drama
1050,Drama
374,Action
374,Comedy
374,Horror
374,Thriller
615,Drama
1038,Comedy
1038,Romance
963,Mystery
963,Sci-Fi
963,Thriller
1065, Action
1065,Drama
932,Action
932,Family
932,Sport
923,Action
923,Drama
923,Sci-Fi
265,Action
265,Comedy
265,Crime
265,Drama
265,Thriller
494,Romance
494,Comedy
494,Drama
494,Music
979,Drama
979,Music
334,Action
334,Mystery
334,Thriller
459,Action
459,Comedy
459,Crime
459,Drama
459,Fantasy
459,Thriller
769,Drama
102,Action
102,Adventure
102,Sci-Fi
1032,Drama
1032,Fantasy
1032,Romance
1032,Thriller
468,Adventure
468,Comedy
17,Comedy
17,Drama
17,Romance
1010,Animation
1010,Action
1010,Adventure
1010,Comedy
1010,Drama
1010,Fantasy
901,Action
901,Thriller
901,Drama
958,Action
958,Adventure
958,Comedy
958,Drama
958,Romance
958,Thriller
246,Drama
965,Action
965,Thriller
582,Drama
705,Comedy
705,Romance
705,Drama
268,Comedy
268,Drama
268,Romance
1021,Action
1021,Animation
1021,Family
1021,Sci-Fi
297,Comedy
942,Action
942,Adventure
942,Fantasy
942,Sci-Fi
758,Drama
729,Action
729,Sci-Fi
729,Thriller
656,Thriller
656,Mystery
656,Sci-Fi
16,Comedy
16,Drama
317,Comedy
317,Drama
537,Crime
537,Drama
537,Thriller
503,Comedy
503,Crime
1066,Action
1066,Fantasy
1066,Sci-Fi
1066,Thriller
205,Comedy
205,Crime
1061,Action
1061,Crime
1061,Thriller
659,Drama
659,Thriller
631,Action
631,Adventure
631,Fantasy
617,Mystery
617,Sci-Fi
617,Thriller
943,Sci-Fi
943,Adventure
943,Action
943,Fantasy
403,Drama
403,Romance
403,War
985,Sci-Fi
985,Thriller
985,Action
985,Drama
985,Romance
618,Drama
618,History
997,Action
997,Adventure
997,Fantasy
419,Drama
419,Mystery
610,Comedy
610,Fantasy
1102,Action
1102,Adventure
1102,Thriller
224,Comedy
676,Comedy
676,Drama
55,Drama
356,Horror
356,Sci-Fi
356,Thriller
289,Comedy
289,Crime
289,Romance
996,Comedy
198,Drama
198,Romance
198,Thriller
488,Horror
488,Mystery
488,Thriller
429,Drama
429,Horror
429,Thriller
794,Action
794,Crime
794,Adventure
794,Thriller
794,Drama
591,Action
591,Comedy
591,Horror
591,Thriller
589,Family
589,Fantasy
589,Adventure
589,Musical
687,Family
687,Action
108,Drama
167,Drama
167,Romance
467,Action
467,Romance
761,Drama
761,History
761,Romance
39,Animation
39,Family
39,Musical
39,Fantasy
39,Comedy
541,Drama
541,Romance
720,Drama
511,Animation
511,Adventure
511,Comedy
768,Drama
72,Family
72,Animation
72,Musical
836,Action
836,Crime
836,Thriller
812,Crime
812,Drama
812,Thriller
624,Comedy
624,Drama
433,Comedy
433,Crime
558,Horror
558,Thriller
558,Adventure
190,Drama
921,Comedy
921,Romance
921,Thriller
1064,Biography
1064,Drama
502,Drama
502,Musical
1105,Drama
1104,Comedy
1104,Romance
376,Drama
376,Family
376,Fantasy
542,Comedy
957,Drama
957,Film-Noir
957,Thriller
699,Drama
528,Action
528,Adventure
106,Drama
106,Thriller
539,Adventure
539,Drama
702,Adventure
702,Comedy
702,Romance
78,Drama
78,Thriller
1082,Comedy
88,Action
88,Thriller
700,Animation
700,Fantasy
700,Comedy
974,Action
974,Thriller
540,Comedy
540,Romance
540,Crime
386,Drama
1036,Comedy
1036,Drama
1036,Sport
1036,Thriller
22,Comedy
197,Action
197,Adventure
197,Thriller
320,Crime
320,Drama
320,Thriller
1034,Drama
1034,Horror
1034,Thriller
1034,Mystery
579,Comedy
579,Crime
579,Drama
962,Comedy
962,Drama
1040,Drama
329,Drama
329,Thriller
742,Comedy
742,Romance
544,Drama
140,Comedy
140,Drama
140,Fantasy
300,Crime
300,Drama
300,Mystery
300,Romance
300,Thriller
872,Horror
872,Mystery
872,Thriller
984,Comedy
984,Fantasy
832,Drama
832,Romance
986,Sci-Fi
986,Action
986,Thriller
986,Drama
243,Action
243,Adventure
243,Thriller
476,Comedy
476,Drama
476,Romance
1003,Action.Thriller
1003,Crime
1055,Crime
1055,Drama
1055,Romance
509,Horror
409,Action
409,Drama
604,Fantasy
604,Adventure
604,Romance
227,Comedy
227,Mystery
227,Romance
227,Thriller
491,Comedy
491,Drama
240,Drama
263,Action
263,Drama
263,Mystery
263,War
1048,Drama
1048,Thriller
1048,War
776,Action
776,Crime
776,Drama
900,Adventure
900,Comedy
900,Drama
428,Sci-Fi
428,Comedy
428,Action
428,Adventure
361,Adventure
361,Sci-Fi
361,Thriller
270,Drama
893,Action
893,Adventure
893,Crime
893,Mystery
893,Thriller
712,Family
712,Animation
712,Comedy
712,Musical
712,Adventure
753,Comedy
829,Fantasy
829,Horror
829,Mystery
1091,Horror
1091,Thriller
566,Action
566,Crime
566,Sci-Fi
593,Comedy
593,Drama
593,Romance
202,Comedy
202,Drama
202,Romance
1033,Drama
1033,Fantasy
1033,Horror
1033,Romance
1033,Thriller
34,Drama
34,Horror
34,Thriller
498,Comedy
498,Romance
498,Drama
888,Comedy
888,Crime
888,Drama
888,Thriller
377,Action
377,Comedy
377,Drama
377,Fantasy
377,Romance
377,Sci-Fi
861,Crime
861,Mystery
861,Sci-Fi
861,Thriller
1068,Adventure
1068,Drama
830,Crime
830,Thriller
830,Action
830,Drama
210,Crime
210,Drama
839,Drama
839,Romance
1069,Crime
1069,Drama
1069,Thriller
424,Action
424,Fantasy
424,Thriller
113,Action
113,Comedy
507,Comedy
507,Sci-Fi
372,Comedy
372,Crime
372,Thriller
749,Comedy
749,Crime
749,Drama
214,Horror
214,Mystery
214,Thriller
154,Crime
154,Drama
154,Mystery
154,Thriller
596,Drama
440,Drama
440,Comedy
666,Action
666,Comedy
666,Crime
666,Drama
666,Fantasy
666,Romance
501,Horror
501,Sci-Fi
501,Thriller
